主字段,章节,等级,知识解析,拓展解析
中医学定义,中医基础理论::绪论::中医学的基本概念,1,定义::以[[整体观念]]为指导思想，以[[脏腑经络]]的生理和病理为基础，以[[辨证论治]]为诊疗特点，研究人的生命规律以及疾病的发生、发展和防治规律<br>###核心::三大核心要素：整体观念（思想指导）、脏腑经络（理论基础）、辨证论治（临床特色）,研究::兼研究养生、康复等促进健康、延长寿命的方法
理论体系形成基础与标志,中医基础理论::绪论::形成与发展::先秦至汉,1,基础::①[[古代自然科学]]的渗透；②[[古代哲学思想]]的影响；③对生命现象的长期观察；④长期医疗经验的积累<br>###标志::【《黄帝内经》】【《难经》】【《伤寒杂病论》】【《神农本草经》】等著作的问世,早期::《山海经》记载[[38种]]疾病；《五十二病方》记载[[52种]]病证，病名103个
《黄帝内经》,中医基础理论::绪论::形成与发展::先秦至汉,1,地位::中医学理论体系[[初步形成]]的标志，是理论体系形成的基础与源泉<br>###内容::构建了中医学理论体系基本框架；建立以[[五脏为中心]]的功能系统；创立[[经络学说]]<br>###贡献::奠定[[藏象经络理论]]基础；提出[[治未病]]观点；提出诊病[[四德]],调节::以精、气、血、津液、神的作用维系和调节脏腑形体官窍的生理功能
《难经》,中医基础理论::绪论::形成与发展::先秦至汉,2,脉学::对脉学特别是[[寸口脉诊]]有较详细而系统的论述和创见<br>###理论::阐扬和发展藏象理论中[[命门]]、[[三焦]]以及经络理论,地位::补充《内经》不足，与《内经》同为后世指导临床实践的理论基础
《伤寒杂病论》,中医基础理论::绪论::形成与发展::先秦至汉,1,作者::张机（字仲景），后世尊称[[医圣]]<br>###地位::中医学第一部[[辨证论治]]专著，确立了辨证论治理论体系<br>###内容::《伤寒论》创造性提出[[六经辨证]]理论；《金匮要略》以脏腑论内伤杂病,方剂::创立了对外感、内伤疾病的辨证纲领和治疗方剂，后世尊为[[医方之祖]]<br>###病因::千般疢难不越三条：经络受邪入脏腑（内因）、血脉壅塞（外因）、房室金刃虫兽所伤（不内外因），给后世三因学说以深刻影响
《神农本草经》,中医基础理论::绪论::形成与发展::先秦至汉,1,地位::现存最早的[[药学专著]]，收载药物[[365种]]，分上中下三品<br>###药性::奠定中药学[[四气五味]]药性理论基础：寒、凉、温、热四性；酸、苦、甘、辛、咸五味<br>###原则::明确[[治寒以热药，治热以寒药]]的用药原则,配伍::提出[[七情和合]]的药物配伍理论
《脉经》,中医基础理论::绪论::形成与发展::晋,2,作者::王叔和<br>###地位::第一部[[脉学专著]]<br>###内容::提倡[[寸口诊法]]；论述[[24种]]病脉的脉象形态及所主病证；提出[[八组相类脉]]的脉象鉴别,影响::推动了寸口脉诊法的普遍应用
《针灸甲乙经》,中医基础理论::绪论::形成与发展::晋,2,作者::皇甫谧<br>###地位::现存最早的[[针灸学专著]]<br>###内容::系统阐述藏象、经络、[[腧穴]]、标本、[[九针]]、刺法、诊法、病证、治法等,应用::详述针灸用针形状制作、针灸禁忌、经络与孔穴部位考订、临床适应证与操作方法
《肘后备急方》,中医基础理论::绪论::形成与发展::晋,2,作者::葛洪<br>###地位::第一部[[临床急症]]著作<br>###内容::论述外感热病、传染性疾病、皮肤病、疮疡外科及骨伤科病,"贡献::记载""青蒿一握，以水二升绞取汁，尽服之""治寒热病及各种疟疾"
《诸病源候论》,中医基础理论::绪论::形成与发展::隋,2,作者::巢元方<br>###地位::第一部[[病因病机证候学]]专著<br>###内容::以[[1729论]]分述诸科病证的病因、病机和症状，尤重于病源研究,"创见::指出疥疮由[[疥虫]]所致；寸白虫因食不熟牛肉造成；传染病由自然界[[乖戾之气]]引起，有""转相染易""特点<br>###调护::诸证之末多附有【[*导引法::通过呼吸吐纳和肢体运动来养生治病的方法*]】"
《千金方》,中医基础理论::绪论::形成与发展::唐,2,作者::孙思邈，后世尊为[[药王]]<br>###地位::包括《备急千金要方》与《千金翼方》，是我国第一部[[医学百科全书]]<br>###内容::涉及脏腑之论、针灸之法、脉证之辨、食治之宜、养生之术、备急之方等,伦理::提出[[大医精诚]]为医学道德准则，开创中国医学伦理学之先河<br>###方剂::《备急千金要方》保存唐以前大量古方，对方剂学发展作出重大贡献
《小儿药证直诀》,中医基础理论::绪论::形成与发展::宋,2,"作者::钱乙<br>###贡献::开创[[脏腑证治]]先河，将五脏辨证方法运用于临床实践<br>###体质::小儿""[[血气未实]]""""五脏六腑，成而未全，全而未壮""<br>###病机::""[[脏腑柔弱]]，易虚易实，易寒易热""",治法::治疗强调[[补泻要同时调理]]以善其后
三因学说,中医基础理论::绪论::形成与发展::宋,1,作者::陈无择《三因极一病证方论》<br>###分类::[[外感六淫]]为外因；[[七情内伤]]为内因；饮食所伤、虫兽所伤、跌打损伤等为[[不内外因]],影响::以病因与病证相结合的方法系统阐述三因理论，对后世病因学发展影响深远
金元四大家,中医基础理论::绪论::形成与发展::金元时期,1,概述::[[刘完素]]、[[张从正]]、[[李杲]]、[[朱震亨]]，后人尊称为[[金元四大家]]<br>###意义::对中医理论和实践有突破性创新，对中医学发展起到里程碑作用,派别::刘完素—寒凉派；张从正—攻邪派；李杲—补土派；朱震亨—滋阴派
刘完素,中医基础理论::绪论::形成与发展::金元时期,1,"派别::[[寒凉派]]<br>###著作::《素问玄机原病式》<br>###主张::主火论，提出""[[六气皆从火化]]""""[[五志过极皆能化火]]""为外感和内伤疾病主要病机",治法::治疗中多用[[寒凉药]]
张从正,中医基础理论::绪论::形成与发展::金元时期,1,"派别::[[攻下派]]（攻邪派）<br>###著作::《儒门事亲》<br>###主张::力倡攻邪论，提出""[[病由邪生]]""，邪非人身所有，""[[邪去正自安]]""","治法::""养生当论食补，[[治病当用药攻]]""，多用[[汗、吐、下]]三法"
李杲,中医基础理论::绪论::形成与发展::金元时期,1,"派别::[[补土派]]<br>###著作::《脾胃论》<br>###主张::力倡脾胃论，提出""[[内伤脾胃，百病由生]]""""胃虚，元气不足，诸病所生""",师承::师从[[张元素]]（易水学派创始人）<br>###治法::强调[[胃气]]对发病的决定性作用，善用温补脾胃之法，对脾胃升降理论多有阐发
朱震亨,中医基础理论::绪论::形成与发展::金元时期,1,"派别::[[滋阴派]]（养阴派）<br>###著作::《格致余论》<br>###主张::力倡相火论，主张""[[阳常有余，阴常不足]]""","相火::生理相火有""[[生生不息]]""功能；相火妄动属病理邪火，能煎熬真阴<br>###治法::善用[[滋阴降火]]，善用养阴药"
命门学说,中医基础理论::绪论::形成与发展::明,2,核心::命门所藏的[[阴阳水火]]是全身五脏六腑阴阳的根本<br>###地位::命门是调节全身脏腑阴阳的[[枢纽]]，其阴阳盛衰决定全身脏腑阴阳盛衰,学派::[[温补学派]]代表：张介宾、赵献可
张介宾,中医基础理论::绪论::形成与发展::明,2,"著作::《景岳全书》<br>###主张::提出""[[阳非有余]]""""[[真阴不足]]""的见解，对朱丹溪""阳有余阴不足论""提出不同看法",治法::强调温补[[肾阳]]和滋养[[肾阴]]在养生康复与防治疾病中的重要性
赵献可,中医基础理论::绪论::形成与发展::明,3,"著作::《医贯》<br>###主张::认为[[命门]]为人身之主，注重""命门之火""在养生、防病中的重要意义",学派::属温补学派，与张介宾同为主张温补命门之火的代表
《本草纲目》,中医基础理论::绪论::形成与发展::明,2,作者::李时珍<br>###内容::载中药[[1892种]]，分为[[16部60类]]，总结明以前历代药物学实践经验和理论,影响::在世界医药学发展史上具有重要地位<br>###脉学::另著《濒湖脉学》，论脉精辟，为脉学门径之书，流传甚广
李中梓,中医基础理论::绪论::形成与发展::明,2,"主张::提出""[[肾为先天本，脾为后天本]]""""[[乙癸同源]]""的见解",治法::主张治疗疾病当固[[先后天根本]]
吴又可,中医基础理论::绪论::形成与发展::明,1,"著作::《温疫论》<br>###学说::创【[*戾气::不同于六淫的一类强烈致病邪气*]】学说，提出温疫病因为""戾气""而非一般[[六淫]]病邪","特征::戾气多""从口鼻而入""，常相互传染形成广泛流行；不同疫病有不同发病季节；人与禽畜皆有疫病<br>###名言::""非风非寒非暑非湿，乃天地间别有一种异气所成"""
明代其他著作,中医基础理论::绪论::形成与发展::明,3,徐春甫::《古今医统大全》辑录[[230余部]]医籍，为著名中医学全书<br>###王肯堂::《证治准绳》以临床各科疾病方证为主，为著名中医学临床医学丛书,
温病理论概述,中医基础理论::绪论::形成与发展::清,1,定义::温病是感受[[温邪]]所引起的一类外感急性热病的总称<br>###发展::理论源自《内经》《难经》《伤寒杂病论》，至[[明清]]臻于成熟,贡献者::明代吴有性及清代叶桂、薛雪、吴玠、王士雄等对温病理论和实践创新作出卓越贡献
叶桂,中医基础理论::绪论::形成与发展::清,1,"著作::《温热论》<br>###学说::创温热病的[[卫气营血辨证]]理论<br>###传变::阐明卫→气→营→血四阶段顺传；""[[温邪上受，首先犯肺，逆传心包]]""为逆传","杂病::《临证指南医案》提出""[[久病入络]]""""[[久痛入络]]""之论，完善创新了络病学说"
薛雪,中医基础理论::绪论::形成与发展::清,2,著作::《湿热条辨》<br>###贡献::创新温病理论的[[湿热病因]]理论，阐明湿热病的病因、症状、传变规律、治则治法,地位::与叶桂、吴玠、王士雄并称为温病四大家
吴玠,中医基础理论::绪论::形成与发展::清,1,"著作::《温病条辨》<br>###学说::创立温热病的[[三焦辨证]]理论<br>###传变::""凡病温者，始于上焦，在手太阴""→上焦传中焦（胃与脾）→中焦传下焦（肝与肾）",
王士雄,中医基础理论::绪论::形成与发展::清,2,"著作::《温热经纬》《霍乱论》<br>###贡献::明确提出""[[新感]]""""[[伏邪]]""两大辨证纲领",方法::以《内经》《伤寒论》理论为经，取叶桂、薛雪等诸家之说为纬，重视审同察异、灵活施治
吴谦,中医基础理论::绪论::形成与发展::清,3,著作::《医宗金鉴》<br>###地位::太医院的中医学[[教科书]]<br>###内容::临床各科理法方药歌诀俱备,
王清任,中医基础理论::绪论::形成与发展::清,2,"著作::《医林改错》<br>###贡献::改正古医籍中人体解剖方面某些错误；肯定""[[灵机记性不在心在脑]]""",理论::发展了[[瘀血致病]]理论，创立多首治疗瘀血病证的有效方剂，对气血理论发展作出重要贡献
整体观念,中医基础理论::绪论::基本特点::整体观念,1,定义::人体是一个[[有机的整体]]，并与[[自然环境]]、[[社会环境]]相统一,内容::包括两大方面：人体是有机整体；人与外界环境（自然、社会）的统一性
五脏一体观,中医基础理论::绪论::基本特点::整体观念,1,定义::人体的各个部分在功能结构上是[[完整统一]]的<br>###内容::以五脏为中心，配合六腑，通过经络系统联络五体、五官、九窍等，构成有机整体,
形神一体观,中医基础理论::绪论::基本特点::整体观念,1,"定义::人的[[形体]]与[[精神]]相互依附、不可分割<br>###表述::即""[[形与神俱]]""",
精气神一体观,中医基础理论::绪论::基本特点::整体观念,1,定义::精、气、神为人之[[三宝]]<br>###关系::精可化气，气可化精，[[精气生神]]，精气养神，而神驭精与气,补充::精可概括为精、血、津液
病理与诊治整体性,中医基础理论::绪论::基本特点::整体观念,2,"病理::分析病证机制时着眼整体，""[[有诸内，必形诸外]]""<br>###诊断::""视其外应，以知其内脏""——整体把握[[病机]]<br>###治疗::""从阴引阳，从阳引阴""；""病上者下取之，病下者上取之""",
人与自然—季节气候,中医基础理论::绪论::基本特点::整体观念,1,"生理::四时春温夏热秋凉冬寒对应春生夏长秋收冬藏，人体须与之适应<br>###脉象::""[[春弦夏洪，秋毛冬石]]，四季和缓，谓之平脉""<br>###经络::""天温日明则血津液而卫气浮，天寒日阴则人血凝泣而卫气沉""","病理::""春善病鼽衄，仲夏善病胸胁，长夏善病洞泄寒中，秋善病风疟，冬善病痹厥""<br>###汗液::""天暑衣厚则腠理开，故汗出；天寒则腠理闭……水下留于膀胱，则为溺与气"""
人与自然—因时防治,中医基础理论::绪论::基本特点::整体观念,1,"原则::[[因时制宜]]，四时养生<br>###名言::""必先岁气，无伐天和""；""法于四时""；""[[春夏养阳，秋冬养阴]]""；""虚邪贼风，避之有时""","治法::""[[冬病夏治]]""""[[夏病冬治]]""；""动作以避寒，阴居以避暑"""
人与自然—昼夜晨昏,中医基础理论::绪论::基本特点::整体观念,2,"生理::""阳气者，一日而主外，[[平旦人气生]]，日中而阳气隆，日西而阳气已虚，气门乃闭""<br>###病理::""夫百病者，多以[[旦慧、昼安、夕加、夜甚]]""","防治::""【[*子午流注针法::按日按时辰选取特定穴位进行针灸的方法*]】"""
人与自然—地域环境,中医基础理论::绪论::基本特点::整体观念,2,"生理::地域气候差异影响人体：江南多湿热，腠理多稀疏；北方多寒燥，腠理多致密<br>###防治::[[因地制宜]]，""医之治病也，一病而治各不同，皆愈……地势使然也""","病理::""小者小异""""大者大异""，东方之域其病为痈疡，南方者其病为挛痹"
人与社会环境,中医基础理论::绪论::基本特点::整体观念,2,"生理::社会环境不同，造就个人身心机能与体质的差异<br>###病理::剧烈骤然变化的社会环境影响脏腑经络生理功能；""[[尝贵后贱]]""可致""脱营""，""[[尝富后贫]]""可致""失精""",
病·症·证,中医基础理论::绪论::基本特点::辨证论治,1,病::邪气作用人体引起机体阴阳失调的完整生命过程，有特定病因、发病规律和病理演变（[[全过程]]）<br>###症::疾病过程中个别、孤立的现象，包括症状与体征（[[现阶段]]）<br>###证::疾病发展过程中某一阶段或某一类型的病理概括，包含病因、病位、病性、病势及邪正关系（[[阶段性]]）,区别::病是全过程的异常生命过程；症是孤立的外在表现；证是阶段性病机本质概括
辨证,中医基础理论::绪论::基本特点::辨证论治,1,定义::将四诊收集的症状与体征，辨清病因、病性、病位、病势，综合判断为某种性质的证候<br>###四辨::辨[[病因]]（发生原因与机理）、辨[[病位]]（疾病所在部位）、辨[[病性]]（虚实寒热）、辨[[病势]]（发展变化趋势及转归）,
论治,中医基础理论::绪论::基本特点::辨证论治,1,定义::根据辨证分析确定治疗原则与治疗方法<br>###步骤::[[因证立法]]→[[随法选方]]→[[据方施治]],关系::辨证是论治的[[前提与依据]]；论治是治疗手段与方法，也可检验辨证正确与否
同病异治,中医基础理论::绪论::基本特点::辨证论治,1,定义::同一种疾病，因多种因素导致证候不同，治疗也有差异<br>###举例::感冒因病因病机和体质差异出现风寒、风热等不同证候，有辛温解表、辛凉解表等不同治法,举例::麻疹不同阶段治法不同：初期解表透疹，中期清肺热，后期滋养肺胃阴
异病同治,中医基础理论::绪论::基本特点::辨证论治,1,定义::不同疾病出现大致相同的病机和证，可用大致相同的治法<br>###举例::久泻脱肛和子宫下垂均表现为[[中气下陷证]]，均可[[升提中气]],"核心::中医治病着眼于[[病机]]的区别，""证同治亦同，证异治亦异"""
精气学说概述,中医基础理论::中医哲学基础::精气学说,1,定义::研究[[精气]]内涵及其运动变化规律的学说，是有关宇宙生成及发展变化的古代哲学思想<br>###核心::精气是宇宙的[[本原]]；宇宙是万物相通的[[有机整体]]；人类亦由精气构成,来源::精气首见于《周易·系辞上》与《管子》<br>###发展::精气概念源于【[*水地说::将水中之精视为万物本原的古代哲学认识*】，气概念源于【[*云气说::以云气变化来认识气的古代哲学认识*】，后汇流发展为[[气一元论]]
精的概念,中医基础理论::中医哲学基础::精气学说,1,定义::精，又称精气，一般[[泛指气]]，是充塞宇宙之中的无形而运动不息的极细微物质<br>###特指::某些情况下专指气中的[[精粹部分]]，是构成人类的本原,哲学::《论衡》认为精气是[[元气]]最精微的部分，是构成人体及其道德精神的精微之气<br>###发展::精气概念存在于宇宙中无形而动的精微客观实在，与气概念同一，汇流于气学范畴，发展为气一元论
气的概念,中医基础理论::中医哲学基础::精气学说,1,定义::存在于宇宙中不断运动且[[无形可见]]的极细微物质，是宇宙万物的共同构成本原,来源::气的概念源于[[云气说]]
精气是宇宙本原,中医基础理论::中医哲学基础::精气学说,1,原理::宇宙中一切事物都由精或气构成，万物的生成皆为精或气自身运动的结果<br>###无形::精气处于[[弥散]]而运动的状态，充塞宇宙空间，是精气的[[基本存在形式]]<br>###有形::精气处于[[凝聚]]而稳定的状态，有形之物为气凝聚而成,"转化::无形之气凝聚成有质之形，形散质溃又复归于无形之气，""无形""与""有形""处于不断转化中"
气机,中医基础理论::中医哲学基础::精气学说,1,定义::【[*气机::气的运动*】，是精气运动变化的基本形式<br>###形式::气运行的形式为[[升降聚散]],
气化,中医基础理论::中医哲学基础::精气学说,1,定义::【[*气化::气的运动所产生的各种变化*】<br>###形式::①气与形转化：无形之气聚合成有形之物（[[气生形]]），有形之物消散化为无形之气（[[形化气]]）；②形与形转化：有形之物相互转化；③气与气转化：天气下降为地气，地气上腾为天气；④有形之体自身更新变化,"化变::""物生谓之[[化]]""（气的缓和运动促成的变化）；""物极谓之[[变]]""（气的剧烈运动促成的显著变化）"
精气的中介作用,中医基础理论::中医哲学基础::精气学说,1,"定义::精气是天地万物相互联系的[[中介]]<br>###联系::维系天地万物之间的相互联系（""人与天地相参也，与日月相应也""""天地一体""）<br>###感应::使万物得以相互感应（""类同则召，气同则合，声比则应""）",举例::乐器共振共鸣、磁石吸铁、日月吸引海水形成潮汐、季节气候变化影响人的生理与病理等<br>###原理::形由气化，气充形间，气能感物，物感则应，有形之物与无形之气不论远近皆能相互感应
精气学说对中医学的影响,中医基础理论::中医哲学基础::精气学说,1,精理论::中医学的精指藏于脏腑中的液态精华物质，包括[[先天之精]]（父母遗传）和[[后天之精]]（水谷之精）；精气学说对精理论产生起到方法学作用<br>###气理论::中医学的气指人体内生命力很强、不断运动且无形可见的极细微物质，是激发和调控生命活动的动力源泉,整体观念::精气学说对中医学整体观念的构建产生重要影响：人体自身是有机整体，人与自然、社会环境相统一
阴阳基本概念,中医基础理论::中医哲学基础::阴阳学说::基本概念,1,"定义::自然界相互关联的某些事物或现象[[对立双方]]属性的概括<br>###名言::""阴阳者，[[天地之道也]]，万物之纲纪，变化之父母，生杀之本始，神明之府也，治病必求于本""","征兆::""水火者，阴阳之[[征兆]]也""——水火是阴阳最典型的代表"
阴阳属性,中医基础理论::中医哲学基础::阴阳学说::基本概念,1,阳::[[运动、外向、上升、温热、明亮、无形、兴奋]]<br>###阴::[[静止、内守、下降、寒凉、晦暗、有形、抑制]],"名言::""天地者，万物之上下也；阴阳者，血气之男女也；左右者，阴阳之道路也"""
阴阳特性-普遍性,中医基础理论::中医哲学基础::阴阳学说::基本概念,1,定义::阴阳代表自然界中普遍存在的既相互对立又相互关联的众多事物<br>###范围::概括宇宙万物发生发展变化及相互关系，包括人体组织结构、生理功能、病机变化及诊断治疗,"名言::""人生有形，[[不离阴阳]]"""
阴阳特性-关联性与规定性,中医基础理论::中医哲学基础::阴阳学说::基本概念,1,关联性::划分阴阳的对立事物必须共处于[[同一范畴、同一层次、同一统一体]]中，如寒与上、昼与外不能用阴阳概括<br>###规定性::阴阳各自属性有明确规定，具有[[不可变性]]和[[不可反称性]]，如水属阴、火属阳不可反称,注::规定性又称绝对性（九版教材）；人体脏腑中心阴心阳、肾阴肾阳、肝阴肝阳皆有特定内涵不可反称
阴阳特性-相对性,中医基础理论::中医哲学基础::阴阳学说::基本概念,1,"定义::事物阴阳属性并非一成不变，""阴阳二字，因以对待而言，所指无定在""<br>###表现::①[[互相转化]]：阴可转阳、阳可转阴；②[[无限可分]]：阳中有阳、阳中有阴，""数之可十，推之可百""；③阴阳属性[[随比较对象而变]]",
阴阳基本内容概述,中医基础理论::中医哲学基础::阴阳学说::基本内容,1,内容::[[对立制约]]、[[互根互用]]、[[交感互藏]]、[[消长平衡]]、[[相互转化]]<br>###层次::最基本规律：对立制约与互根互用；基本形式：消长与转化,
对立制约,中医基础理论::中医哲学基础::阴阳学说::基本内容,1,"定义::阴阳双方在一个统一体内[[相互斗争、相互排斥和相互制约]]<br>###地位::[[最基本规律]]，强调a制b，b制a<br>###平衡::""[[阴平阳秘]]，精神乃治""——阴阳相互制约而达到协调平衡","举例::春夏阳气上升抑制寒凉之气，秋冬阴气上升抑制温热之气；""动极者镇之以静，阴亢者胜之以阳"""
对立制约-临床意义,中医基础理论::中医哲学基础::阴阳学说::基本内容,1,"太过::""[[阴胜则阳病]]，[[阳胜则阴病]]""<br>###不及::""[[阳虚则阴盛]]""""[[阴虚则阳亢]]""；或""阳虚则寒""""阴虚则热""",治疗::[[寒者热之]]，[[热者寒之]]；阳病治阴，阴病治阳
互根互用,中医基础理论::中医哲学基础::阴阳学说::基本内容,1,"互根::阴阳[[相互依存]]，互为根本——""无阴则阳无以生，无阳则阴无以化""<br>###互用::阴阳[[相互资生]]，促进和助长——""阴在内，阳之守也；阳在外，阴之使也""<br>###地位::[[最基本规律]]，强调没有a就没有b","病理::互根互用关系破坏则""[[孤阴不生，独阳不长]]""，甚则""阴阳离绝，精气乃绝""或""阴损及阳，阳损及阴"""
互根互用-临床应用,中医基础理论::中医哲学基础::阴阳学说::基本内容,2,"治法::基于互根理论：阴中求阳、阳中求阴；补气生血、补血养气<br>###生理::""阳生阴长，阳杀阴藏""；精与气、气与血关系；白天兴奋与夜晚抑制相统一","失调::昼夜精寐关系失调则""昼不精，夜不瞑"""
交感互藏,中医基础理论::中医哲学基础::阴阳学说::基本内容,2,"交感::阴阳[[相互发生作用]]，是宇宙万物生成和变化的根源——""天地氤氲，万物化醇；男女构精，万物化生""<br>###互藏::阴阳双方都[[蕴含着另一方]]——""天本阳也，然阳中有阴；地本阴也，然阴中有阳""",动力::阴阳互藏是交感合和的[[动力根源]]，是构筑互根互用的基础和纽带，还是消长与转化的[[内在根据]]
消长平衡,中医基础理论::中医哲学基础::阴阳学说::基本内容,1,定义::阴阳[[数量多少]]发生变化，可稳定在一定范围内<br>###根本原因::消长根本原因在于阴阳[[对立制约]]与[[互根互用]]<br>###层次::消长（[[量变]]）是转化的前提，转化（[[质变]]）是消长的结果,制约::对立制约→阴阳[[互为消长]]：阴长阳消、阳长阴消<br>###互根::互根互用→阴阳[[皆消皆长]]：此长彼亦长，此消彼亦消
消长平衡-主要体现,中医基础理论::中医哲学基础::阴阳学说::基本内容,2,"互为消长::①""[[阳长阴消]]""：从冬至春及夏，气候从寒转暖变热；②""[[阴长阳消]]""：由夏至秋及冬，气候由热转凉变寒<br>###皆消皆长::春夏气温升高→降雨量增多（阴阳皆长）；秋冬气候转凉→降雨量减少（阴阳皆消）","生命::""年四十而[[阴气自半]]也，起居衰矣""——上半生阴随阳长，下半生阳随阴消"
消长平衡-病理与治疗,中医基础理论::中医哲学基础::阴阳学说::基本内容,2,"对立制约::""阴胜则阳病，阳胜则阴病；阳胜则热，阴胜则寒""；""阳虚阴盛""""阴虚阳亢""<br>###互根互用::""[[精气两虚]]""""[[气血两虚]]""""[[阴损及阳]]""""[[阳损及阴]]""","治疗::""[[壮水之主，以制阳光]]""；""[[益火之源，以消阴翳]]"""
相互转化,中医基础理论::中医哲学基础::阴阳学说::基本内容,1,"定义::在一定条件下，阴阳可以向其[[相反的方向]]转化（重、极、甚）<br>###名言::""[[物极必反]]""""[[重阴必阳，重阳必阴]]""""寒极生热，热极生寒""",关系::阴阳互藏互根是转化的[[内在根据]]；消长是转化的[[前提]]；转化（质变）是消长（量变）的[[结果]]
相互转化-形式,中医基础理论::中医哲学基础::阴阳学说::基本内容,2,渐变::四季寒暑交替、一天昼夜转化<br>###突变::夏季酷热骤冷和冰雹突袭；急性热病由高热突然出现体温下降、[[四肢厥冷]],"名言::""物生谓之化，物极谓之变""""成败倚伏生乎动，动而不已，则变作矣"""
说明人体组织结构,中医基础理论::中医哲学基础::阴阳学说::在中医学中的运用,1,部位::阳：上部、体表、背、四肢外侧；阴：下部、体内、腹、四肢内侧<br>###脏腑::阳：[[六腑]]；阴：[[五脏]]<br>###经络::阳：手足三阳经、阳维、阳跷、[[督脉]]；阴：手足三阴经、阴维、阴跷、[[任脉]],
概括生理功能,中医基础理论::中医哲学基础::阴阳学说::在中医学中的运用,1,物质::说明生理活动物质基础：精、气、血、津液<br>###形式::说明生理活动基本形式：[[升降出入]]<br>###脏腑::说明脏腑生理功能及关系<br>###防御::说明机体防御功能：卫阳、营阴,
分析病因阴阳属性,中医基础理论::中医哲学基础::阴阳学说::在中医学中的运用,2,阳因::六淫中[[风暑热（火）]]属阳<br>###阴因::[[寒湿]]属阴；饮食居处、情志失调等属阴,
病理-阴阳偏盛,中医基础理论::中医哲学基础::阴阳学说::在中医学中的运用,1,总则::[[邪气盛则实]]<br>###阳偏盛::[[阳胜则热]]（实热证）；[[阳胜则阴病]]（实热伤阴）<br>###阴偏盛::[[阴胜则寒]]（实寒证）；[[阴胜则阳病]]（实寒伤阳）,
病理-阴阳偏衰,中医基础理论::中医哲学基础::阴阳学说::在中医学中的运用,1,总则::[[精气夺则虚]]<br>###阳偏衰::[[阳虚则寒]]（虚寒证）<br>###阴偏衰::[[阴虚则热]]（虚热证）,
病理-阴阳互损与转化,中医基础理论::中医哲学基础::阴阳学说::在中医学中的运用,1,阳损及阴::[[阳虚]]为主的阴阳两虚——阳虚延及阴虚<br>###阴损及阳::[[阴虚]]为主的阴阳两虚——阴虚延及阳虚<br>###转化::阳证转阴：热证高热不退→出现四肢厥冷（虚寒）；阴证转阳：外感寒湿证误治后出现高热等实热证,
用于诊断,中医基础理论::中医哲学基础::阴阳学说::在中医学中的运用,2,四诊::色泽：鲜明属阳，晦暗属阴；气息、寒热动静喜恶、脉象均分阴阳<br>###概括::病证可分为[[阴证]]、[[阳证]],
指导养生,中医基础理论::中医哲学基础::阴阳学说::在中医学中的运用,2,"原则::""必先岁气，无伐天和""；""法于四时""""四气调神""<br>###方法::""[[春夏养阳，秋冬养阴]]""；""虚邪贼风，避之有时""；""[[冬病夏治]]，夏病冬养""",
治则-阴阳偏盛,中医基础理论::中医哲学基础::阴阳学说::在中医学中的运用,1,"总则::""[[实则泻之]]""（损其有余）<br>###未虚::单纯泻之——寒者热之、热者寒之<br>###有虚::泻兼[[兼顾不足]]：阳盛兼阴虚→清热兼顾滋阴；阴盛兼阳虚→散寒兼顾补阳",举例::肝火盛加生地、黄连以清心火
治则-阴阳偏衰-直接补,中医基础理论::中医哲学基础::阴阳学说::在中医学中的运用,1,"总则::""[[虚则补之]]""（补其不足）<br>###阴虚::滋阴壮水 = ""[[壮水之主，以制阳光]]"" = [[阳病治阴]]（""诸寒之而热者，取之阴""）<br>###阳虚::扶阳益火 = ""[[益火之源，以消阴翳]]"" = [[阴病治阳]]（""诸热之而寒者，取之阳""）",巧记::正面为虚——滋、益、取、壮、求、治均为正面，动词后面是目的，是需要补的。如扶阳抑阴、益火、取之阳、求阳都表示[[阳虚]]；反之为阴虚
治则-阴阳偏衰-间接补,中医基础理论::中医哲学基础::阴阳学说::在中医学中的运用,1,"原则::[[阴中求阳]]与[[阳中求阴]]（《景岳全书》）<br>###阴中求阳::""善补阳者，必于阴中求阳，则阳得阴助而[[生化无穷]]""——补阳时佐以补阴药，用于阳虚证<br>###阳中求阴::""善补阴者，必于阳中求阴，则阴得阳升而[[泉源不竭]]""——补阴时佐以补阳药，用于阴虚证",
治则-阴阳互损,中医基础理论::中医哲学基础::阴阳学说::在中医学中的运用,1,总则::[[阴阳双补]]<br>###阳损及阴::补[[阳]]为主，兼顾补阴<br>###阴损及阳::补[[阴]]为主，兼顾补阳,
药物性能阴阳归纳,中医基础理论::中医哲学基础::阴阳学说::在中医学中的运用,2,阳药::性：热、温；味：辛甘淡；趋势：[[升浮]]<br>###阴药::性：寒、凉；味：酸苦咸；趋势：[[沉降]],阳功::升阳发热、祛风散寒、涌吐开窍<br>###阴功::泻下清热、利尿、重镇安神、潜阳息风、消导积滞、降逆、收敛
阴阳对照表,中医基础理论::中医哲学基础::阴阳学说::在中医学中的运用,2,阳中之阳::上午、平旦至日中、夏、[[皮肤]]、[[心]]<br>###阳中之阴::下午、日中至黄昏、秋、[[肌肉]]、[[肺]]<br>###阴中之阴::前半夜、合夜至鸡鸣、冬、[[骨]]、[[肾]]<br>###阴中之阳::后半夜、鸡鸣至平旦、春、[[筋]]、[[肝]],阴中至阴::[[脾]]<br>###注意::皮肤属阳中之阳、心属阳中之阳，并非指心与皮肤相对应，不可与五行归类表相混淆
五行基本概念,中医基础理论::中医哲学基础::五行学说::基本概念,1,定义::[[木、火、土、金、水]]五类物质及其[[运动变化]],归类法::【[*取象比类法::通过观察事物形象和功能进行归类的方法*]]；【[*推演络绎法::根据已知归类推演相关事物的方法*]]
五行特性,中医基础理论::中医哲学基础::五行学说::基本概念,1,"木::""[[木曰曲直]]""→生长、柔和、能屈能伸→生长、升发、[[条达]]、舒畅<br>###火::""[[火曰炎上]]""→炎热、上升、光明→温热、上升、光明<br>###土::""[[土爰稼穑]]""→种植收获→[[生化]]、承载、受纳<br>###金::""[[金曰从革]]""→刚柔相济→沉降、[[肃杀]]、收敛<br>###水::""[[水曰润下]]""→滋润下行→滋润、下行、寒凉、[[闭藏]]",
五行五脏功能对应,中医基础理论::中医哲学基础::五行学说::基本概念,1,肝-木::主[[疏泄]]；体阴而用阳；喜条达而恶抑郁；[[刚脏]]；主升主动<br>###心-火::主[[血脉]]，温煦全身；主[[神明]]<br>###脾-土::运化水谷；运化水液；为[[气血生化之源]]<br>###肺-金::[[肃降]]。主呼吸、通调水道输布水液<br>###肾-水::主[[藏精]]；主水,
五行归类-木,中医基础理论::中医哲学基础::五行学说::基本概念,2,五味::[[酸]]<br>###五色::[[青]]<br>###五脏::[[肝]]<br>###五腑::[[胆]]<br>###五官::[[目]]<br>###形体::[[筋]]<br>###情志::[[怒]],五音::角<br>###五化::生<br>###五气::风<br>###方位::东<br>###季节::春<br>###五声::呼<br>###变动::握
五行归类-火,中医基础理论::中医哲学基础::五行学说::基本概念,2,五味::[[苦]]<br>###五色::[[赤]]<br>###五脏::[[心]]<br>###五腑::[[小肠]]<br>###五官::[[舌]]<br>###形体::[[脉]]<br>###情志::[[喜]],五音::徵<br>###五化::长<br>###五气::暑<br>###方位::南<br>###季节::夏<br>###五声::笑<br>###变动::忧
五行归类-土,中医基础理论::中医哲学基础::五行学说::基本概念,2,五味::[[甘]]<br>###五色::[[黄]]<br>###五脏::[[脾]]<br>###五腑::[[胃]]<br>###五官::[[口]]<br>###形体::[[肉]]<br>###情志::[[思]],五音::宫<br>###五化::化<br>###五气::湿<br>###方位::中<br>###季节::长夏<br>###五声::歌<br>###变动::哕
五行归类-金,中医基础理论::中医哲学基础::五行学说::基本概念,2,五味::[[辛]]<br>###五色::[[白]]<br>###五脏::[[肺]]<br>###五腑::[[大肠]]<br>###五官::[[鼻]]<br>###形体::[[皮]]<br>###情志::[[悲]],五音::商<br>###五化::收<br>###五气::燥<br>###方位::西<br>###季节::秋<br>###五声::哭<br>###变动::咳
五行归类-水,中医基础理论::中医哲学基础::五行学说::基本概念,2,五味::[[咸]]<br>###五色::[[黑]]<br>###五脏::[[肾]]<br>###五腑::[[膀胱]]<br>###五官::[[耳]]<br>###形体::[[骨]]<br>###情志::[[恐]],五音::羽<br>###五化::藏<br>###五气::寒<br>###方位::北<br>###季节::冬<br>###五声::呻<br>###变动::栗
相生,中医基础理论::中医哲学基础::五行学说::生克乘侮,1,"定义::五行中某一行对其[[子行]]的资生、促进与助长<br>###次序::[[木生火→火生土→土生金→金生水→水生木]]<br>###关系::""生我""者为[[母]]，""我生""者为[[子]]",举例::木生火：木为火之母，火为木之子
相克,中医基础理论::中医哲学基础::五行学说::生克乘侮,1,"定义::五行之间存在有序的[[递相克制、制约]]关系<br>###次序::[[木克土→土克水→水克火→火克金→金克木]]<br>###关系::""克我""者为[[所不胜]]，""我克""者为[[所胜]]",举例::木克土：木为土之所不胜，土为木之所胜
制化,中医基础理论::中医哲学基础::五行学说::生克乘侮,1,"定义::五行间相互资生、相互制约，维持平衡，推动稳定发展<br>###原理::""[[亢则害，承乃制，制则生化]]""——一行亢盛必然随之制约，防止亢而为害","名言::""盖造化之机，不可无生，亦不可无制。无生则发育无由，无制则亢而为害"""
胜复,中医基础理论::中医哲学基础::五行学说::生克乘侮,2,"定义::一行亢盛（[[胜气]]），引起其所不胜一行（[[复气]]）的报复性制约，使五行复归协调稳定<br>###规律::""有胜则复""；""微者复微，甚者复甚""","机制::按相克规律的自我调节机制<br>###别称::又称""[[子复母仇]]""——如木为胜气，金为复气（木克土→土生金→金克木）"
相乘,中医基础理论::中医哲学基础::五行学说::生克乘侮,1,"定义::一行对其所胜的[[过度制约与克制]]，又称""[[倍克]]""<br>###次序::木乘土、土乘水、水乘火、火乘金、金乘木<br>###原因::①[[太过]]：某脏过盛致所胜受过分克伐（如木旺乘土）；②[[不及]]：某脏过弱不能耐受所不胜正常克制（如土虚木乘）","病情::""所不胜……邪气挟其力而来，残削必甚，故为[[贼邪]]""——相乘时病情较[[深重]]"
相侮,中医基础理论::中医哲学基础::五行学说::生克乘侮,1,"定义::一行对其所不胜的[[反向制约与克制]]，即""[[反克]]""<br>###次序::木侮金、火侮水、水侮土、土侮木、金侮火<br>###原因::①[[太过]]：某脏盛致所不胜无力克制反被克（如木反侮金/木火刑金）；②[[不及]]：某脏虚致其所胜出现反克（如木虚土侮）","病情::""所胜……邪气亦不能深入，故为[[微邪]]""——相侮时病情较[[轻浅]]<br>###原文::""气有余，则制己所胜""（相乘）；""气有余，则侮所不胜""（相侮）"
母病及子,中医基础理论::中医哲学基础::五行学说::生克乘侮,1,"定义::一行异常累及[[子行]]，导致子母两行皆异常<br>###规律::多为母行虚弱引起子行不足，[[母虚导致母子皆虚]]<br>###病情::""邪扶生气而来，虽进而易退""——母病及子病情[[轻浅]]","治则::""虚则补其母，实则泻其子"""
子病及母,中医基础理论::中医哲学基础::五行学说::生克乘侮,1,定义::一行异常影响到[[母行]]，导致子母两行皆异常<br>###类型::①[[子病犯母]]：子行亢盛引起母行亢盛，母子皆盛；②子行虚弱导致母行虚弱，子母俱不足；③[[子盗母气]]：子行亢盛损伤母行，子盛母衰,"病情::""受我之气者，其力方旺，还而相克，来势必甚""——子病及母病情较[[深重]]<br>###治则::""虚则补其母，实则泻其子"""
中土五行,中医基础理论::中医哲学基础::五行学说::生克乘侮,3,"定义::五行学说的另一种模型<br>###土位::土与木、火、金、水四行关系：""土与木、火、金、水杂以成百物""<br>###四行::木、火、金、水四行之间的关系：[[递进发展]]",
说明五脏生理-资生关系,中医基础理论::中医哲学基础::五行学说::在中医学中的应用,1,木生火::肝藏血[[济心]]，肝之疏泄助心行血<br>###火生土::[[心阳温脾土]]，助脾运化<br>###土生金::脾气运化以[[充肺]]<br>###金生水::肺之精津下行[[滋肾精]]，肺气肃降助肾纳气<br>###水生木::肾藏精[[滋养肝血]]，肾阴资助肝阴防止肝阳上亢,
说明五脏生理-制约关系,中医基础理论::中医哲学基础::五行学说::在中医学中的应用,1,水克火::肾水上济于心，防止心火过烈<br>###火克金::心火阳热抑制肺气清肃太过<br>###金克木::肺气清肃抑制肝阳上亢<br>###木克土::肝气条达疏泄脾气壅塞<br>###土克水::脾之运化水液可防肾水泛滥,"名言::""心……其主肾也""""肺……其主心也""""脾……其主肝也""""肾……其主脾也""——""主""指制约（相克），克中有生，制则生化"
五脏病变-相生传变,中医基础理论::中医哲学基础::五行学说::在中医学中的应用,1,母病及子::肝病及心、心病及脾、脾病及肺、肺病及肾、肾病及肝<br>###子病及母::肝病及肾、肾病及肺、肺病及脾、脾病及心、心病及肝,举例母及子::肾病及肝：①肾精虚→肝肾精血亏虚；②肾阴虚→肝阳上亢；③肾阳虚→肝阳虚少腹冷痛<br>###举例子及母::心病及肝：心血虚累及肝血虚→心肝血虚；心火旺引动肝火→心肝火旺（泻子）
五脏病变-相乘,中医基础理论::中医哲学基础::五行学说::在中医学中的应用,1,定义::相克太过致病<br>###太过::[[木旺乘土]]：肝郁或肝逆致脾胃运化失常，见胸胁苦满、脘腹胀痛、泛酸、泄泻<br>###不及::[[土虚木乘]]：先脾胃虚弱，后不能耐受肝气克伐，见头晕乏力、纳呆、腹痛泄泻,"名言::""[[见肝之病，知肝传脾]]""属于木旺乘土"
五脏病变-相侮,中医基础理论::中医哲学基础::五行学说::在中医学中的应用,1,定义::反向克制致病<br>###太过::[[木火刑金]]：暴怒肝火犯肺，急躁易怒、面红目赤、甚咳逆上气、咯血<br>###不及::[[土虚水侮]]：脾土虚衰不能制约肾水,
指导疾病诊断,中医基础理论::中医哲学基础::五行学说::在中医学中的应用,2,原则::判部位、定相兼、判预后<br>###举例::面青喜酸脉弦→肝病；面赤口苦脉洪→心病；脾虚面见青色→肝病犯脾；心病面见黑色→水气凌心,季节::可阐发五脏病与季节的关系，如春多肝病等
指导疾病治疗,中医基础理论::中医哲学基础::五行学说::在中医学中的应用,1,"用药::根据五色五味指导脏腑用药<br>###传变::""[[见肝之病，知肝传脾，当先实脾]]""——控制疾病的传变<br>###原则::确定治则治法",
指导针灸与情志治疗,中医基础理论::中医哲学基础::五行学说::在中医学中的应用,2,"针灸::井、荥、输、经、合""[[五输穴]]""分别配属木火土金水五行<br>###情志::""怒伤肝，[[悲胜怒]]""""喜伤心，[[恐胜喜]]""""思伤脾，[[怒胜思]]""""忧伤肺，[[喜胜忧]]""""恐伤肾，[[思胜恐]]""",
相生治则-补母泻子,中医基础理论::中医哲学基础::五行学说::治则治法,1,虚则补母::适用于母子关系的虚证——如肝血不足，除补肝血外还可[[补肾]]资助<br>###实则泻子::适用于母子关系的实证——如肝火盛，除清肝火外还可通过[[清心火]]助清肝火,难点::心火亢盛引动肝火→虽为心肝火旺，按五行理论仍应选用治则[[泻子]]
滋水涵木,中医基础理论::中医哲学基础::五行学说::治则治法,1,别名::滋补肝肾、滋肾养肝<br>###治法::滋肾阴养肝阴、肝血<br>###适应证::[[水不涵木]]：肾阴虚致肝阴虚，甚肝阳上亢，见眩晕、眼干目涩、五心烦热,
益火补土,中医基础理论::中医哲学基础::五行学说::治则治法,1,别名::温肾健脾、温补脾肾<br>###治法::温肾阳补脾阳<br>###适应证::肾阳虚不能温脾，以致脾阳不振，见畏寒肢冷、纳差腹胀、泄泻浮肿,"注意::就五行生克而言，火不生土应为心火不生脾土。但命门学说兴起后，""火不生土""多指[[命门之火（肾阳）]]不能温煦脾土，很少指心火与脾阳关系"
培土生金,中医基础理论::中医哲学基础::五行学说::治则治法,1,别名::补养肺脾<br>###治法::补脾生气以补益肺气<br>###适应证::脾气虚致肺气虚；或肺气虚兼脾运不健，见久咳痰多清稀、食欲减退、便溏肢乏,
金水相生,中医基础理论::中医哲学基础::五行学说::治则治法,1,别名::滋养肺肾、滋肺益肾<br>###治法::滋养肺肾之阴<br>###适应证::[[肺肾阴虚证]]：肺阴虚不能养肾阴或肾阴虚不能养肺阴，见干咳咯血、骨蒸潮热、口干盗汗、腰酸,
相克治则-抑强扶弱,中医基础理论::中医哲学基础::五行学说::治则治法,1,抑强::适用于相克[[太过]]引起的相乘相侮——如木旺乘土（肝脾不调），治以疏肝平肝为主<br>###扶弱::适用于相克[[不及]]引起的相乘相侮——如土虚木乘（肝旺脾虚），治以健脾益气为主,
抑木扶土,中医基础理论::中医哲学基础::五行学说::治则治法,1,别名::疏肝健脾、平肝和胃、调理肝脾<br>###治法::疏肝泄肝结合健脾补中<br>###适应证::[[木旺乘土]]（抑木为主）：肝气犯脾、肝气犯胃；[[土虚木乘]]（扶土为主）：肝旺脾虚,
培土制水,中医基础理论::中医哲学基础::五行学说::治则治法,1,别名::[[敦土利水]]<br>###治法::健脾利水以治疗水湿停聚病证<br>###适应证::脾虚不运，水湿泛滥而致水肿胀满之证,扩展::若肾阳虚衰不能温煦脾阳，致水肿胀满为主，则用温运脾阳、健脾利水之法；五版教材认为此属水反克土，治当温肾为主兼顾健脾
佐金平木,中医基础理论::中医哲学基础::五行学说::治则治法,1,别名::滋肺清肝、泻肝清肺<br>###治法::清肃肺气抑制肝木；或滋肺阴、清肝火<br>###适应证::[[肝火犯肺证]]：肝火偏盛影响肺气清肃，见胁痛、口渴、咳嗽,
泻南补北,中医基础理论::中医哲学基础::五行学说::治则治法,1,别名::泻火补水、滋阴降火<br>###治法::泻心火补肾水<br>###适应证::肾阴不足、心火偏亢，[[水火不济，心肾不交]]之证,"注意::肾阴虚使相火偏旺，称""水不制火""，属一脏本身水火阴阳偏盛偏衰，[[不属于]]五行生克的水不克火"
藏象概念,中医基础理论::藏象::概述,1,"定义::藏：[[藏于体内的内脏]]；象：[[表现于外的生理病理现象]]<br>###名言::""象，形象也。藏居于内，形见于外，故曰藏象""",分类::按生理功能特点分为[[脏]]、[[腑]]、[[奇恒之腑]]三类
藏象学说形成基础,中医基础理论::藏象::概述,2,基础::①古代解剖学知识（[[基础]]）；②长期对人体生理病理现象的观察；③反复医疗实践；④古代哲学思想的渗透,
藏象学说特点-整体性,中医基础理论::藏象::概述,1,核心::以[[五脏为中心]]的人体自身整体性<br>###表里::脏腑分阴阳，一阴一阳相为表里——依据：经络循行路线的阴阳相对与相互结络；脏腑在生理病理上密切相关<br>###联络::通过经络系统，以[[气血津液]]为物质基础，五脏与形体诸窍联结成整体,情志::五脏生理活动与精神情志活动密切相关
藏象学说特点-统一性,中医基础理论::藏象::概述,2,自然::五脏与[[自然环境]]的统一性：人的生命活动规律受自然环境的制约与影响<br>###协调::脏腑生理功能之间的平衡协调是维持机体内在环境相对恒定的重要环节,
脏腑分类-五脏,中医基础理论::藏象::概述,1,"内容::心、肝、脾、肺、肾<br>###功能::[[化生与贮藏精气]]<br>###特点::""[[藏精气而不泻]]，[[满而不实]]""","治疗::脏病多[[虚]]，五脏宜[[补]]<br>###别称::能藏神而称为""神脏"""
脏腑分类-六腑,中医基础理论::藏象::概述,1,"内容::胆、胃、小肠、大肠、膀胱、三焦<br>###功能::[[受盛与传化水谷]]<br>###特点::""[[传化物而不藏]]，[[实而不满]]""",治疗::腑病多[[实]]，六腑宜[[泻]]
脏腑分类-奇恒之腑,中医基础理论::藏象::概述,1,内容::脑、髓、骨、脉、[[胆]]、女子胞<br>###功能::[[贮藏精气]]<br>###特点::[[藏而不泻]]、形态中空,注意::胆既属六腑又属奇恒之腑
经典论述-官职,中医基础理论::藏象::概述,2,心::[[君主之官]]，神明出焉<br>###肺::[[相傅之官]]，治节出焉<br>###肝::[[将军之官]]，谋虑出焉<br>###脾胃::[[仓廪之官]]，五味出焉<br>###肾::[[作强之官]]，伎巧出焉,胆::中正之官，决断出焉<br>###膻中::臣使之官，喜乐出焉<br>###大肠::传导之官，变化出焉<br>###小肠::受盛之官，化物出焉<br>###三焦::决渎之官，水道出焉<br>###膀胱::州都之官，津液藏焉
经典论述-六节藏象论,中医基础理论::藏象::概述,2,"心::""心者，[[生之本]]，神之变也""<br>###肺::""肺者，[[气之本]]，魄之处也""<br>###肾::""肾者主蛰，[[封藏之本]]，精之处也""<br>###肝::""肝者，[[罢极之本]]，魂之居也""","脾胃::""脾胃大肠小肠三焦膀胱者，仓廪之本，营之居也"""
心概述,中医基础理论::藏象::五脏::心,1,别称::心为[[君主之官]]、生之本、五脏六腑之大主、[[火脏]]、阳脏<br>###五行::心在五行属火，为[[阳中之太阳]]<br>###功能::①心主[[血脉]]；②心主[[藏神]]<br>###特性::①心主通明；②心气下降；③心为阳中之阳,联系::在体合脉，其华在面，在窍为舌，在志为喜，在液为汗，在时为夏
心主血脉-主血,中医基础理论::藏象::五脏::心,1,"定义::""诸血者，皆属于心""<br>###行血::心气[[推动调控]]血液运行，营养全身<br>###生血::水谷之精在心阳作用下化为血液 = ""[[奉心化赤]]""",
心主血脉-主脉与条件,中医基础理论::藏象::五脏::心,1,主脉::心气推动调控心脏搏动和脉管舒缩，维持[[脉道通利]]<br>###条件::①[[心气充沛]]（主导）；②血液充盈；③脉道通利,关联::血液循环归心所主，但与[[肺朝百脉]]助心行血相关
心主血脉-失调,中医基础理论::藏象::五脏::心,2,气虚血虚::面白舌淡，心悸胸闷，脉弱无力<br>###脉阻::胸部刺痛，唇舌青紫，脉细涩或结代,"关系::心主血脉是心主神志的[[物质基础]]——""血者，神气也"""
心主藏神,中医基础理论::藏象::五脏::心,1,"定义::""所以任物者谓之心""，心为""[[五脏六腑之大主]]""<br>###广义::整个人体生命活动的[[主宰和总体现]]<br>###狭义::人的意识、思维、情志等[[精神活动]]",功能::①统帅全身脏腑经络形体官窍的生理活动；②主司意识、思维、情志等精神活动<br>###失调::精神萎靡、意识不清、反应迟钝、健忘失眠等
五神脏,中医基础理论::藏象::五脏::心,1,"定义::神、魂、魄、意、志分藏五脏，称""[[五神脏]]""<br>###分配::心藏[[神]]，肺藏魂，肝藏魂，脾藏意，肾藏志","原文::""两精相搏谓之神，随神往来者谓之魂，并精而出入者谓之魄""<br>###脉神::""心藏脉，脉舍神"""
心生理特性,中医基础理论::藏象::五脏::心,2,通明::心脉以[[通畅]]为本，心神以[[清明]]为要<br>###下降::心位在上，宜[[下降]]<br>###阳中之阳::阳脏、火脏：促进心动、温通血脉、兴奋精神，使生机不息,
心在体合脉,中医基础理论::藏象::五脏::心,2,"机理::""脉为血之府""""壅遏营气，令无所避，是谓脉""<br>###关系::""心之合，脉也；其荣，色也""",失调::心气/血虚：脉细软、结代无力
心其华在面,中医基础理论::藏象::五脏::心,1,机理::全身血气皆上注于面<br>###面象::心气虚→面色㿠白；心血虚→面色无华；心脉痹阻→面色青紫；心火旺→面色红赤；心阳暴脱→面色苍白,
心在窍为舌,中医基础理论::藏象::五脏::心,1,定义::舌为心之苗，心之外候<br>###功能::舌主司味觉和表达语言<br>###机理::①心的经脉通于舌；②心气通于舌；③舌色灵敏反映心主血脉机能,失调::心阳虚→舌淡白胖嫩；心阴血不足→舌红绛瘦瘪；心火上炎→舌红生疮；心血瘀阻→舌紫暗有瘀斑；心神失常→舌卷、舌强、语謇
心在志为喜,中医基础理论::藏象::五脏::心,2,"适度::""喜则气和志达，营卫通利""<br>###过度::""喜乐者，神散而不藏""""神有余则笑不休，神不足则悲""","过极::五志过极可伤心：""愁忧恐惧则伤心"""
心在液为汗,中医基础理论::藏象::五脏::心,1,"定义::心精心血为汗液生化之源——""[[汗为心之液]]""<br>###机理::""[[阳加于阴谓之汗]]""；血与津液同出一源→""[[血汗同源]]""→血为心所主→汗为心之液",大汗::大汗可大量耗散津液，致心气或心阳无所附→[[心气脱失]]或[[心阳暴脱]]<br>###失调::心气虚→气短自汗；心阴虚→潮热盗汗
心与夏气相通应,中医基础理论::藏象::五脏::心,3,缓::心阳虚衰患者，病情往往在夏季缓解<br>###重::阳盛阴虚之体的情志病与心脏病，夏季往往加重,"名言::""阳胜则身热……能冬不能夏"""
心包,中医基础理论::藏象::五脏::心,2,功能::[[代君受邪]]<br>###病证::热入心包、痰热蒙蔽心包,
肺概述,中医基础理论::藏象::五脏::肺,1,别称::肺为[[相傅之官]]、气之本、[[华盖]]、[[娇脏]]、水之上源、贮痰之器<br>###五行::肺在五行属金，为[[阳中之少阴]]<br>###功能::①主气（司呼吸）；②主宣发肃降；③主行水；④朝百脉；⑤主治节,特性::①肺为华盖；②肺为娇脏；③肺气宣降；④肺喜润恶燥<br>###联系::在体合皮，其华在毛；在窍为鼻，喉为肺之门户；在志为忧；在液为涕；在时为秋
肺主气-主呼吸之气,中医基础理论::藏象::五脏::肺,1,"总论::""诸气者，皆属于肺""""天气通于肺""<br>###原理::肺主气基于肺主呼吸机能；呼吸调匀是气生成和气机调畅的[[根本条件]]<br>###维持::肺主呼吸由肺气的[[宣发和肃降]]运动维系",关联::呼吸调节以[[肺肾]]最为相关
肺主气-主一身之气,中医基础理论::藏象::五脏::肺,1,"定义::""肺者，气之本也""<br>###生成::肺主一身之气生成体现于[[宗气]]生成<br>###运行::体现于对全身[[气机]]的调节作用",失常::肺呼吸功能失常→咳喘气逆或胸闷气喘；气虚→体倦乏力、少气懒言
肺主宣发,中医基础理论::藏象::五脏::肺,1,"定义::肺气向上的[[升宣]]和向外周的布散<br>###内容::①呼出体内浊气；②将脾转输的津液和精微布散全身——""上焦开发，宣五谷味，熏肤、充身、泽毛，若雾露之溉""；③宣发[[卫气]]于皮毛肌腠，调节腠理开合，排出汗液",失调::呼气不畅、胸闷咳喘、鼻塞喷嚏、恶寒无汗（卫气被遏、腠理闭塞）
肺主肃降,中医基础理论::藏象::五脏::肺,1,定义::肺气向下的[[通降]]和使呼吸道保持洁净<br>###内容::①吸入清气下纳于肾以资元气；②将津液精微向下布散，浊液下输肾或膀胱；③肃清肺和呼吸道内异物,"失调::呼吸短促或表浅、咳喘气逆、咳痰咯血<br>###名言::""肺苦气上逆""""诸气膹郁，皆属于肺"""
肺宣降协调,中医基础理论::藏象::五脏::肺,1,要点::肺为华盖之脏，其气以[[清肃下降]]为主<br>###气机::肺的气机运动包括升降出入,"特点::五版教材""肺主宣发肃降""为生理功能；八版、十版""肺气宣降""为生理特性"
肺主行水,中医基础理论::藏象::五脏::肺,1,"定义::肺气的宣发肃降运动推动、调节全身水液输布和排泄 = ""[[通调水道]]""<br>###别称::肺为[[水之上源]]——因肺居高位（华盖），参与调节全身水液代谢",宣发::津液和精微向上向外布散，输送到皮毛的水液在卫气推动下化为汗液排出<br>###肃降::浊液下输肾或膀胱<br>###依赖::肺通调水道有赖于肝主疏泄、脾之运化、肾气蒸化、三焦气化、腠理开合
肺主行水-治法,中医基础理论::藏象::五脏::肺,2,"开鬼门::[[宣肺利水]]法——宣通肺气、发汗利水治疗风水皮水<br>###提壶揭盖::宣肺或升提之方药通利小便——""[[开上源以利下流]]""",失调::肺主行水失调→津液代谢障碍：尿少、痰饮、浮肿
肺朝百脉,中医基础理论::藏象::五脏::肺,1,定义::全身血液通过百脉汇聚于肺，经肺呼吸进行体内外清浊之气交换，再将富有清气的血液通过百脉输送到全身<br>###功能::肺有[[辅心行血]]的作用,失常::肺气虚或壅塞不能辅心行血→心血瘀（心悸胸闷、唇舌青紫）
肺主治节,中医基础理论::藏象::五脏::肺,1,定义::肺气具有治理调节肺之呼吸及全身之气、血、津液的作用<br>###内容::①治理调节呼吸运动；②治理调节全身气机；③治理调节血液运行；④治理调节津液代谢,
肺生理特性,中医基础理论::藏象::五脏::肺,1,"华盖::肺在五脏六腑位置最高——①肺居高位，脏腑外卫；②肺主一身之表；③肺主一身之气<br>###娇脏::清虚娇嫩，易受邪侵——""[[治上焦如羽，非轻不举]]""<br>###喜润恶燥::燥易伤肺",
肺在体合皮,中医基础理论::藏象::五脏::肺,1,"肺对皮毛::①宣发卫气于皮毛；②宣发输布精气充养皮毛<br>###皮毛对肺::①宣散肺气，调节呼吸；②皮毛受邪，常内传于肺<br>###汗孔::又称""玄府""""气门""，不仅是排汗门户，还是体内外气体交换场所",十二皮部::按十二经脉在体表分布将皮肤分为十二部分，每条经脉濡养一部分皮肤<br>###腠理::肌肉和皮肤的纹理，与三焦相通，卫气充斥腠理之中控制开合
肺在窍为鼻,中医基础理论::藏象::五脏::肺,2,"定义::""鼻者，肺之官""<br>###机理::鼻的通气和嗅觉全赖于肺气的宣发——""肺气通于鼻，肺和则鼻能知臭香矣""","喉::喉为肺之门户，主司发音——""金破不鸣""""金实不鸣"""
肺志液时,中医基础理论::藏象::五脏::肺,3,"志::在志为[[忧（悲）]]——""悲则气消""<br>###液::在液为[[涕]]——润泽鼻窍，抵御外邪<br>###时::与[[秋]]气相通应",
肺藏魄,中医基础理论::藏象::五脏::肺,3,"定义::""魄""为与生俱来的本能感觉和动作<br>###名言::""并精而出入者谓之魄""""魄之为用，能动作，痛痒由之而觉也""",举例::新生儿啼哭、吮吸、四肢运动、耳听目视、肌肤触觉等
脾概述,中医基础理论::藏象::五脏::脾,1,别称::脾为[[孤脏]]、生痰之源；脾胃为仓廪之官、[[气血生化之源]]、[[后天之本]]<br>###五行::脾在五行属土，为[[阴中之至阴]]<br>###功能::①主[[运化]]；②主[[统血]]；③主[[升清]],特性::①脾气上升；②喜燥恶湿；③脾为孤脏，脾居中央灌四旁<br>###联系::在体合肌肉而主四肢，其华在唇，在窍为口，在志为思，在液为涎，在时为长夏或四时
脾运化食物,中医基础理论::藏象::五脏::脾,1,"定义::脾为后天之本，[[气血生化之源]]<br>###内涵::①脾能将水谷化为精微；②脾气转输精微<br>###途径::①上输心肺化生气血，通过心肺布散全身（""脾气散精，上归于肺""）；②向四周布散到其他脏腑（""脾为孤脏，中央土以灌四傍""）",机制::运化水谷机制：①脾气升清；②阳气温煦<br>###失调::脾失健运：腹胀、便溏、食欲不振、倦怠、消瘦
脾运化水液,中医基础理论::藏象::五脏::脾,1,"途径::①上输于肺由肺布散全身；②向四周布散；③小肠大肠部分水液经三焦下输膀胱；④在水液代谢中起[[枢纽]]作用<br>###名言::""水为至阴，其本在肾；水化于气，其标在脾；水惟畏土，其制在脾""","病理::""诸湿肿满，皆属于脾""""脾为生痰之源""<br>###治则::""治湿不治脾，非其治也""<br>###失调::①津亏；②津液代谢障碍（痰饮水湿）"
脾主统血,中医基础理论::藏象::五脏::脾,1,"定义::脾气统摄血液运行于脉中，不使其逸出于脉外<br>###机制::①脾藏营；②[[气的固摄作用]]的体现<br>###名言::""五脏六腑之血，全赖脾气统摄""",习惯::脾不统血与气不摄血机理一致，习惯将下部出血与肌肉出血称[[脾不统血]]<br>###失常::出血（时间长、色淡质稀，伴有气虚）
脾主升清,中医基础理论::藏象::五脏::脾,1,"定义::""升""指脾气运动以上升为主；""清""指水谷精微等营养物质；""升清""即精微吸收和上输心肺头目<br>###核心::""[[脾以升为健]]""""[[脾气主升]]""<br>###名言::""清气在下，则生飧泄；浊气在上，则生膑胀""","与胃对::脾的升清与胃的降浊（""胃宜降则和""）相对而言"
脾不升清与中气下陷,中医基础理论::藏象::五脏::脾,1,不升清::神疲乏力、头目眩晕、腹胀泄泻便溏、心悸气短、食少纳呆<br>###中气下陷::腹部坠胀、久泄脱肛，甚至[[内脏下垂]]（胃下垂、肾下垂、阴挺、脱肛）,内涵::五版教材认为脾主升清等同脾主升，包括：①脾气散精上归于肺；②脾气以升为健；③脾气升举内脏维持脏器恒定
脾生理特性,中医基础理论::藏象::五脏::脾,1,"喜燥恶湿::""脾生湿""""湿困脾""""脾恶湿""""脾燥则升""<br>###孤脏::脾居中央而灌四傍：①转输布散水谷精微；②脾胃为气机升降之[[枢纽]]",
脾在体合肉,中医基础理论::藏象::五脏::脾,1,"机理::""脾主身之肌肉""——四肢与肌肉依赖脾胃运化的水谷精微<br>###名言::""清阳实四肢""""四肢皆禀气于胃……必因于脾乃得禀也""<br>###依据::""[[治痿独取阳明]]""的理论依据",失调::脾胃运化障碍→肌肉瘦削、四肢软弱无力、倦怠甚至萎缩不用
脾窍华志液时,中医基础理论::藏象::五脏::脾,2,"窍::在窍为口——""脾气通于口，脾和则口能知五谷矣""<br>###华::其华在唇——口唇色泽反映气血盈亏和脾胃运化强弱<br>###志::在志为[[思]]——""思出于心，而脾应之""<br>###液::在液为[[涎]]——""涎出于脾而溢于胃""，保护润泽口腔，助食物咀嚼消化<br>###时::与[[长夏]]或四时之气相通应",区分::涎清稀，出自两颊，自口角流出（注意与唾比较）
肝概述,中医基础理论::藏象::五脏::肝,1,别称::肝为[[将军之官]]、罢极之本、[[血海]]、五脏之贼<br>###五行::肝在五行属木，为[[阴中之少阳]]<br>###功能::①主[[疏泄]]；②主[[藏血]],特性::①肝气升发；②肝为[[刚脏]]；③肝[[体阴而用阳]]；④喜条达而恶抑郁<br>###联系::在体合筋，其华在爪，在窍为目，在志为怒，在液为泪，在时为春
肝主疏泄-总论,中医基础理论::藏象::五脏::肝,1,定义::肝具有维持全身气机[[疏通畅达]]，通而不滞，散而不郁的作用<br>###根本::基本功能/中心环节：[[调畅气机]]<br>###反映::反映了肝为刚脏，主升、主动的生理特点,表现::①促进血液与津液运行输布；②促进脾胃运化和胆汁分泌排泄；③调畅精神志；④调节生殖
肝疏泄-调畅气机,中医基础理论::藏象::五脏::肝,1,定义::肝主疏泄功能的[[根本体现]]——肝气疏通畅达全身气机<br>###郁结::疏泄失职：情志抑郁、善太息、胸胁两乳少腹胀痛不舒<br>###亢逆::疏泄太过：急躁易怒、头痛头胀、面红目赤，甚则血随气逆吐血昏厥,"虚弱::疏泄不及：情志抑郁、胆怯、懈怠乏力、头晕目眩、两胁虚闷<br>###名言::""血之与气并走于上，则为大厥""""肝气虚则恐"""
肝疏泄-促进血行津布,中医基础理论::藏象::五脏::肝,1,血行::肝气疏泄畅达气机→气行则[[血行]]<br>###津布::气行则津液布散,血失常::①肝气郁→停滞为瘀（月经后期、痛经、闭经）；②肝气逆→血随气逆（吐血、崩漏）；③肝气虚→月经愆期<br>###津失常::滋生痰饮水湿→梅核气、痰核、瘿瘤、乳癖、水肿、鼓胀，可用疏肝理气治之
肝疏泄-脾胃运化,中医基础理论::藏象::五脏::肝,1,"协调::协调脾升胃降，调节脾胃气机升降<br>###犯脾::""[[肝脾不和]]""：影响脾气升清→腹胀腹泻<br>###犯胃::""[[肝胃不和]]""：影响胃气降泄→纳呆、脘胀、嗳气、呕吐",机理::木旺乘土
肝疏泄-胆汁,中医基础理论::藏象::五脏::肝,1,"生成::胆汁又称""精汁""，为肝之余气（精气）所化生<br>###排泄::胆汁贮存于胆，排泄进入小肠参与消化",郁结::肝气郁结→胆汁排泄障碍→厌食腹胀、胆汁郁积形成结石→胁痛黄疸<br>###亢逆::肝胆火旺→胆汁上溢→口苦、泛吐苦水
肝疏泄-调畅情志,中医基础理论::藏象::五脏::肝,1,"原理::适度情志活动以气机调畅、气血调和为重要条件<br>###调节::肝主疏泄畅达气机可调节情志<br>###名言::""血脉和利，精神乃居""",失常::情志抑郁闷闷不乐或性情急躁亢奋易怒；情志异常亦可影响肝气疏泄导致肝郁或亢逆
肝疏泄-调节生殖,中医基础理论::藏象::五脏::肝,1,"原理::男子排精、女子排卵行经是肝主疏泄与肝主闭藏（肾）相互协调的结果<br>###名言::""主闭藏者肾也，可疏泄者肝也""","男::失常→精瘀、梦遗<br>###女::失常→月经后期量少经行不畅、痛经或月经先期量多崩漏；""[[女子以肝为先天]]"""
肝藏血-贮藏血液,中医基础理论::藏象::五脏::肝,1,潜养::潜养肝及其形体官窍<br>###经血::为经血之源——肝与冲脉并称[[血海]]<br>###涵养::化生和涵养肝气；化生和濡养[[魂]],"名言::""肝受血而能视，足受血而能步，掌受血而能握，指受血而能摄""<br>###失调::筋→麻木、拘挛、颤动；目→干涩、眼花；爪→脆薄干枯易折断"
肝藏血-调节血量与防止出血,中医基础理论::藏象::五脏::肝,1,"调节::""人卧则血归于肝""""人动则血运于诸经，人静则血归于肝脏""<br>###防出血::机理：①肝能收摄血液；②肝气疏泄适度调畅气机；③肝主凝血",不藏血病机::①肝气虚弱；②肝火亢盛；③肝阴不足<br>###不藏血变化::①肝血不足；②出血（血不循经）
肝生理特性,中医基础理论::藏象::五脏::肝,1,刚脏::五脏之贼——①特性柔和舒展；②肝气疏泄；③内寄相火，主升主动<br>###体阴用阳::肝主疏泄其用属阳，肝主藏血其体属阴——临床多表现肝阴肝血虚而肝阳上亢<br>###条达::喜条达而恶抑郁,最能体现::最能体现肝的生理特点的是[[肝为刚脏，主升主动]]，反映此特点的生理功能为[[肝主疏泄]]
肝在体合筋,中医基础理论::藏象::五脏::肝,1,"定义::""诸筋者，皆属于节""，爪为筋之余<br>###机理::肝为""[[罢极之本]]""——肢体筋腱有力、关节屈伸灵活取决于津液濡润、血量充足、血行流畅",功能::筋：连接关节、肌肉，主司关节运动
肝在窍为目,中医基础理论::藏象::五脏::肝,1,"机理::目的视觉机能主要依赖[[肝血]]的濡养与[[肝气]]的疏泄<br>###经络::肝足厥阴经上行连目系<br>###名言::""五脏六腑之精气，皆上注于目而为之精""",病理::肝阴血不足→两目干涩视物不清夜盲；肝经风热→目赤痒痛；肝火上炎→目赤生翳；肝阳上亢→头目眩晕；肝风内动→目斜上视
五轮学说,中医基础理论::藏象::五脏::肝,2,定义::将眼目不同部位分属五脏<br>###分配::[[风轮]]（黑睛）属肝；[[血轮]]（内外眦血络）属心；[[气轮]]（白睛）属肺；[[水轮]]（瞳仁）属肾；[[肉轮]]（眼睑）属脾,"原文::""骨之精为瞳子，筋之精为黑眼，血之精为络，其窠气之精为白眼，肌肉之精为约束"""
肝志液时,中医基础理论::藏象::五脏::肝,2,志::在志为[[怒]]——大怒引起肝气上逆，面红目赤、头胀头痛，甚则呕血昏厥<br>###液::在液为[[泪]]——由肝精肝血经肝气疏泄于目而化生<br>###时::与[[春]]气相通应,"名言::""阳气者，大怒则形气绝，而血菀于上，使人薄厥""""肝气虚则恐，实则怒"""
肝藏魂,中医基础理论::藏象::五脏::肝,3,"定义::""随神往来者谓之魂""——肝主意识、思维活动以及梦幻活动<br>###机理::肝藏血，血舍魂——魂由肝血化生和涵养",失调::肝血不足→失眠多梦、梦魇梦游、幻觉；肝火亢盛→狂乱烦躁、夜寐不安
肾概述,中医基础理论::藏象::五脏::肾,1,别称::肾为[[作强之官]]、[[先天之本]]、五脏阴阳之本、水火之宅、封藏之本、气之根、水脏<br>###五行::肾在五行属水，为[[阴中之太阴]]<br>###功能::①主[[藏精]]；②主水；③主[[纳气]]；④主一身之阴阳,特性::①主封藏守位；②肾气上升；③肾恶燥；④肾为水火之宅，脏腑阴阳之本<br>###联系::在体合骨，生髓，通脑，其华在发，在窍为耳及二阴，在志为恐，在液为唾，在时为冬
肾藏精-总论,中医基础理论::藏象::五脏::肾,1,"定义::肾具有贮存、[[封藏]]精气的作用<br>###来源::包括""[[先天之精]]""和""[[后天之精]]""<br>###关系::①肾精以先天之精为基础，后天之精为辅助；②后天之精有赖于水谷之精，亦赖于""五脏六腑之精而藏之""","名言::""肾者主水，受五脏六腑之精而藏之，故五脏盛乃能泻""——藏中有泻"
肾藏精-生长发育与生殖,中医基础理论::藏象::五脏::肾,1,总论::肾中精气具有促进机体生长、发育和逐步具备生殖的能力<br>###天癸::【[*天癸::肾精及肾气充盈到一定程度产生的促进生殖功能成熟的物质*]]——男子排精、女子排卵月经来潮，具备生殖能力<br>###标志::齿、骨、发的生长状况可作为观察肾中精气的标志,失调::小儿→五迟五软；成人→早衰、耳鸣耳聋、齿摇发脱<br>###关系::人的生、长、壮、老、已与肾精气盛衰密切相关
肾藏精-脏腑之本,中医基础理论::藏象::五脏::肾,1,"地位::肾为""[[脏腑之本]]，十二脉之根，呼吸之本，三焦之源""<br>###肾阳::""五脏之阳气，非此不能发""——肾阳为脏腑阳之本<br>###肾阴::""五脏之阴气，非此不能滋""——肾阴为脏腑阴之本","总称::肾阴肾阳又称为""[[五脏阴阳之本]]"""
肾藏精-主髓化血与抵御外邪,中医基础理论::藏象::五脏::肾,2,"化血::肾精生髓→髓充于骨→骨中精化为生血之源——""血之源头在乎肾""<br>###抵御::肾精保卫机体、抵御外邪——""精者，身之本也""""足于精者，百病不生""",藏中有泻::①流溢脏腑化生脏腑之精；②泻溢精气以为生殖之用；③藏精起亟以备应急之需
肾主水,中医基础理论::藏象::五脏::肾,1,"定义::""肾者水脏，主津液""<br>###气化::肾中精气的蒸腾气化主宰着整个津液代谢<br>###膀胱::尿液生成和排泄都必须依赖肾气的蒸腾气化作用","胃关::""[[肾者胃之关]]""——肾中精气蒸腾气化作用<br>###失调关::肾阳虚→关门不利→尿少、小便不利、水肿<br>###失调开::气不化水→小便清长、尿量增多；肾气虚衰→尿失禁"
肾主纳气,中医基础理论::藏象::五脏::肾,1,"定义::肾摄纳肺所吸入的清气，防止呼吸表浅，保持吸气深度<br>###原理::肾主纳气是肾的[[封藏作用]]在呼吸运动的体现<br>###名言::""肺为气之主，[[肾为气之根]]""""呼出心与肺，吸入肾与肝""",失调::肾不纳气：呼吸表浅，或呼多吸少，动则气喘
肾主一身阴阳,中医基础理论::藏象::五脏::肾,1,"定义::""肾为[[水火之宅]]，寓真阴而涵真阳""<br>###地位::肾阴肾阳为[[五脏阴阳之本]]，肾为阴阳之根、脏腑之本",
肾生理特性-主封藏守位,中医基础理论::藏象::五脏::肾,1,封藏::最具有生理意义的是固摄精气，防止精气无故流失——与生长发育生殖关系最密切<br>###守位::肾中相火涵于肾中，潜藏不露，发挥温煦推动作用,少壮火::【[*少火::生理状态下各脏腑的阳气*]]；【[*壮火::病理状态下各脏腑的亢盛之火*]]<br>###君相火::【[*君火::心火*]]；【[*相火::其他脏腑之火*]]——雷火为肝之相火，龙火为肾之相火
肾生理特性-水火宅与恶燥,中医基础理论::藏象::五脏::肾,2,"水火宅::肾为水火之宅，脏腑阴阳之本<br>###肾气升::肾位在下，其气当升——肾阳鼓动肾阴与心气交感互济，维持人体阴阳水火协调<br>###恶燥::肾为水脏，易燥伤阴液——""热邪不燥胃津，必耗肾液""",
肾在体合骨,中医基础理论::藏象::五脏::肾,1,定义::在体合骨，生髓，荣齿，其华在发<br>###骨::肾藏精生髓而充养骨骼——肾精不足→小儿囟门迟闭、骨软无力；老年骨质脆弱易骨折<br>###齿::齿为骨之余，肾之标，骨之本,髓::脑为[[髓之海]]，骨为髓之府，诸髓者皆属于脑
肾其华在发,中医基础理论::藏象::五脏::肾,2,"定义::发之色泽荣枯是肾脏功能的反映<br>###机理::""发为血之余""——发的生长赖精血以养<br>###失调::肾精肾气不足→牙齿松动脱落、未老先衰、头发枯萎早脱早白",望诊::温热病中望齿的润燥和有无光泽，是判断肾精及津液盛衰的重要标志
肾在窍为耳,中医基础理论::藏象::五脏::肾,2,"机理::肾精濡养于耳维持听觉功能——""肾气通于耳，肾和则耳能闻五音矣""<br>###失调::肾精肾气虚衰→听力减退、耳鸣、甚则耳聋",
肾在窍为二阴,中医基础理论::藏象::五脏::肾,2,前阴::排尿和生殖——尿液生成排泄依赖肾气蒸化和固摄作用协调；生殖功能与肾精肾气密切相关<br>###后阴::排泄粪便——肾阴不足→便秘；肾阳虚→泄泻或便秘；肾气虚衰→久泄滑脱,"肛门::又称""魄门""——""魄门亦为五脏使，水谷不得久藏""，启闭与五脏相关"
肾志液时,中医基础理论::藏象::五脏::肾,2,"志::在志为[[恐]]——""恐则气下""""恐伤肾""→二便失禁、遗精滑精<br>###液::在液为[[唾]]——稠厚，由肾精所生，出自舌下。多唾或久唾易耗伤肾中精气<br>###时::与[[冬]]气相通应",区分::唾：稠厚，出自舌下（肾精所化）；涎：清稀，出自两颊（脾精所化）<br>###惊恐::惊为不自知事出突然受惊（惊则气乱）；恐为自知多自内生（恐则气下）
肾藏志,中医基础理论::藏象::五脏::肾,3,"定义::肾主意志和记忆——""意之所存谓之志""""肾藏精，精舍志""<br>###失调::意志消沉、情感淡漠、记忆能力下降、精神萎靡不振、神情呆滞、健忘痴呆","名言::""肾盛怒而不止则伤志，志伤则喜忘其前言"""
肾功能小结,中医基础理论::藏象::五脏::肾,1,核心::[[藏精]]是肾最基本功能<br>###延伸::主生长发育和生殖、主水、主纳气等功能是藏精功能的延伸,
上古天真论-女子,中医基础理论::藏象::五脏::肾,1,二七::天癸至，任脉通，太冲脉盛，月事以时下，故有子<br>###三七::肾气平均，真牙生而长极<br>###四七::筋骨坚，发长极，身体盛壮<br>###五七::阳明脉衰，面始焦，发始堕,六七::三阳脉衰于上，面皆焦，发始白<br>###七七::任脉虚，太冲脉衰少，天癸竭，地道不通，故形坏而无子
上古天真论-男子,中医基础理论::藏象::五脏::肾,1,二八::肾气盛，天癸至，精气溢泻，阴阳和，故能有子<br>###三八::肾气平均，筋骨劲强，真牙生而长极<br>###四八::筋骨隆盛，肌肉满壮<br>###五八::肾气衰，发堕齿槁,六八::阳气衰竭于上，面焦，发鬓斑白<br>###七八::肝气衰，筋不能动，天癸竭，精少，肾藏衰，形体皆极<br>###八八::则齿发去
命门,中医基础理论::藏象::五脏::肾,2,"内经::命门者，[[目]]也<br>###难经::""肾两者，非皆肾也，其左为肾，右为命门""——[[右肾]]为命门<br>###滑寿虞传::[[两肾]]总号为命门","赵献可::《医贯》——命门在[[两肾之间]]""七节之旁中有小心""<br>###张介宾::《景岳全书》——命门为[[子宫精室，水火之宅]]，""命门为元气之根，为水火之宅""<br>###孙一奎::《医旨绪余》——命门乃两肾中间之[[动气]]"
涎与唾区别,中医基础理论::藏象::五脏::综合对照,1,涎::质地较[[清稀]]，由[[脾]]主运化化生，出自两颊，自口角流出——脾在液为涎<br>###唾::质地较[[稠厚]]，由[[肾]]精气化生，出自舌下——肾在液为唾,涎功能::保护清洁口腔，湿润溶解食物，使之易于吞咽消化<br>###唾功能::溶解食物利吞咽，保护滋润口腔，还有滋养肾中精气的作用
六腑总论,中医基础理论::藏象::六腑::概述,1,"概念::胆、胃、大肠、小肠、膀胱、三焦的总称<br>###功能::[[受盛传化水谷]]——主持饮食受纳、消化、吸收和糟粕传导排泄<br>###特点::""[[泻而不藏]]，[[实而不能满]]""<br>###运动::""六腑以通为用，以降为顺，[[降中寓升]]""",注意::传化之府指胃、大肠、小肠、三焦、膀胱，不包括胆
七冲门,中医基础理论::藏象::六腑::概述,2,定义::消化道的七道门户，出自《难经·四十四难》<br>###内容::唇为飞门、齿为[[户门]]、会厌为吸门、胃为[[贲门]]、太仓下口为[[幽门]]、大肠小肠会为[[阑门]]、下极为[[魄门]],"魄门::""[[魄门亦为五藏使]]""——肛门启闭依赖心神主宰、肝气条达、脾气升提、肺气宣降、肾气固摄"
胆概述,中医基础理论::藏象::六腑::胆,1,别名::[[中精之府]]、清净之府、[[中正之官]]<br>###特殊::胆既是六腑又是奇恒之腑——中空似腑，排泄胆汁参与消化；但内盛[[精汁]]又似五脏藏精,原因::胆无传化饮食糟粕的功能，且为中清之府，似脏非脏、似腑非腑
胆贮藏排泄胆汁,中医基础理论::藏象::六腑::胆,1,"生成::胆汁由[[肝之精气]]化生汇聚而成，又称""精汁""<br>###功能::贮存于胆囊，排泄进入小肠参与饮食物消化吸收，依赖肝的疏泄完成",病理::①胆汁排泄受阻→胁下胀满、食欲不振、厌油腻；②湿热蕴结肝胆→胆汁外溢→[[黄疸]]（目黄、身黄、小便黄）；③胆气上逆→口苦、呕吐黄绿苦水
胆主决断,中医基础理论::藏象::六腑::胆,1,"定义::胆具有对事物进行判断、做出决定的功能——""胆者，中正之官，决断出焉""<br>###依据::决断能力取决于[[胆气强弱]]",病理::①胆火盛→口苦、烦躁易怒、胁痛；②肝胆气虚/心胆气虚→胆怯易惊、善恐、遇事不决、失眠多梦；③胆虚痰扰→口苦呕逆、惊悸不宁
胆生理特性,中医基础理论::藏象::六腑::胆,2,"下降::胆气以下降为顺——胆汁宜降<br>###主升::胆禀少阳春升之气——""胆气春升，则余脏从之""<br>###静谧::性喜静谧，喜宁谧而恶扰烦","注意::""胆气主升""和""胆气以下降为顺""出自不同教材，从不同角度概括胆的生理特征"
胃概述,中医基础理论::藏象::六腑::胃,1,别名::[[太仓]]、[[水谷之海]]、水谷气血之海<br>###功能::①主[[受纳]]水谷；②主[[腐熟]]水谷<br>###机理::【受纳】接受容纳饮食水谷；【腐熟】胃气将饮食物初步消化形成食糜,病理::受纳与腐熟失常→食欲不振、消化不良、胃脘胀痛
胃主通降,中医基础理论::藏象::六腑::胃,1,定义::胃气具有向[[下]]运动以维持胃肠道通畅的生理特性<br>###体现::①饮食物入胃容纳水谷；②食糜下传小肠；③食物残渣下传大肠排出<br>###枢纽::脾胃是脏腑气机升降之[[枢纽]]——脾气升则肝肾之气皆升，胃气降则心肺之气皆降,"病理::①胃气不降→纳呆脘闷、大便秘结；②胃气上逆→嗳气酸腐、恶心呕吐呃逆；③浊气在上→口臭<br>###名言::""[[胃不和则卧不安]]""——胃气不降影响心火和肺气下降"
胃喜润恶燥,中医基础理论::藏象::六腑::胃,1,定义::胃为[[阳明燥土]]之腑，需胃中津液滋润以维持受纳腐熟功能和通降下行<br>###治则::用苦寒泻下应[[中病即止]]，以免化燥伤阴,
小肠概述,中医基础理论::藏象::六腑::小肠,1,别名::[[受盛之官]]<br>###功能::①主[[受盛化物]]；②主[[泌别清浊]]；③小肠主液<br>###特性::[[升清降浊]],
小肠受盛化物,中医基础理论::藏象::六腑::小肠,1,"受盛::接受由胃下移之食糜而容纳<br>###化物::食糜在小肠内由脾气与小肠共同作用进一步消化，化为精微和糟粕两部分<br>###名言::""受盛之官，化物出焉""",病理::受盛失常→腹部胀闷疼痛；化物失常→消化吸收障碍、腹泻便溏、完谷不化
小肠泌别清浊,中医基础理论::藏象::六腑::小肠,1,清者::精微部分（谷精和津液），由小肠吸收，经脾气输转全身<br>###浊者::食物残渣经阑门传送到大肠形成粪便；水液经三焦下渗膀胱形成尿液<br>###本质::小肠泌别清浊实际为脾升胃降的[[具体体现]],"病理::清浊不分→尿少而便溏泄泻<br>###应用::""[[利小肠所以实大便]]""——小肠内水液多少与尿量有关，体现""小肠主液"""
小肠主液,中医基础理论::藏象::六腑::小肠,1,定义::小肠在吸收谷精的同时吸收大量[[津液]]<br>###途径::①吸收津液与谷精合为水谷之精由脾气输转全身；②部分水液经三焦下渗膀胱生成尿液,"病理::""小肠主液……小肠热结则液燥""——小肠实热→小便短赤灼涩痛，甚则尿血"
大肠概述,中医基础理论::藏象::六腑::大肠,1,别名::[[传导之官]]<br>###功能::①主[[传导糟粕]]；②主[[津]]<br>###特性::以[[通降]]为顺，传导有度,
大肠传导糟粕,中医基础理论::藏象::六腑::大肠,1,功能::接受小肠下移的食物残渣，吸收水分，形成糟粕，经肛门排泄粪便<br>###关联::与胃气通降、肺气肃降、脾气运化、肾气推动和固摄有关,病理::传导失常→大便秘结或泄泻；湿热蕴结→腹痛、里急后重、下痢脓血
大肠主津,中医基础理论::藏象::六腑::大肠,2,定义::大肠接受食物残渣，吸收水分，参与体内津液代谢<br>###病理::津液不吸收→肠鸣腹痛泄泻；实热消烁津液→大便秘结不通,
膀胱概述,中医基础理论::藏象::六腑::膀胱,1,别名::[[州都之官]]、津液之府、尿腑、净腑、水腑<br>###功能::①贮藏尿液；②排泄尿液<br>###特性::司[[开合]],
膀胱贮尿排尿,中医基础理论::藏象::六腑::膀胱,1,"贮尿::津液代谢后浊液下归膀胱——贮藏有赖于肾气及膀胱之气的[[固摄]]<br>###排尿::肾气及膀胱气化作用调节——气化正常则膀胱开合有度<br>###名言::""膀胱者，州都之官，津液藏焉，[[气化则能出矣]]""","病理::肾气失固→合少开多→夜尿多、遗尿、尿失禁；气化失常→开少合多→小便不利或癃闭<br>###名言::""膀胱不利为[[癃]]，不约为[[遗尿]]"""
三焦概述,中医基础理论::藏象::六腑::三焦,1,"地位::三焦为""[[孤腑]]""——脏腑之中惟三焦最大，无与匹配<br>###别名::决渎之官、原气之别使<br>###功能::①通行[[诸气]]；②运行[[津液]]","名言::""三焦者，决渎之官，[[水道出焉]]""""三焦者，[[原气之别使]]也"""
三焦通行诸气,中医基础理论::藏象::六腑::三焦,1,通道::三焦是一身之气上下运行、升降出入的[[通道]]，又是气化的场所<br>###元气::元气根于肾，通过三焦而充沛于全身<br>###三气::通行宗气、营气、卫气——胸中宗气自上而下到达脐下以资先天元气,"名言::""三焦通，则内外左右上下皆通也"""
三焦运行津液,中医基础理论::藏象::六腑::三焦,1,"定义::全身津液上下输布运行的[[通道]]——必须以三焦为通道<br>###气化::""[[三焦气化]]""——三焦疏通水道运行水液以调节津液代谢平衡","名言::""上焦不治则水泛高原，中焦不治则水留中脘，下焦不治则水乱二便"""
上焦如雾,中医基础理论::藏象::六腑::三焦,1,"部位::横膈以上，包括心、肺及头面部<br>###特点::""[[上焦如雾]]""——心肺输布营养至全身，如雾露之灌溉<br>###治则::""[[治上焦如羽，非轻不举]]""","名言::""上焦开发，宣五谷味，熏肤、充身、泽毛，若雾露之溉，是谓气"""
中焦如沤,中医基础理论::藏象::六腑::三焦,1,"部位::横膈以下、脐以上，包括脾胃、肝胆等<br>###特点::""[[中焦如沤]]""——消化饮食物如发酵酿造<br>###地位::中焦是升降之枢，气血生化之源<br>###治则::""[[治中焦如衡，非平不安]]""","血化::""中焦受气取汁，变化而赤，是谓血""<br>###注::就解剖位置肝胆属中焦；温病学三焦辨证将肝归下焦（肝肾同源）"
下焦如渎,中医基础理论::藏象::六腑::三焦,1,"部位::脐以下，包括肾、小肠、大肠、膀胱、女子胞、精室及两下肢<br>###特点::""[[下焦如渎]]""——排泄糟粕和尿液，如沟渠之通导<br>###治则::""[[治下焦如权，非重不沉]]""",辨证::三焦辨证为温病由浅及深三个病变阶段——始于上焦，终于下焦
奇恒之腑概念,中医基础理论::藏象::奇恒之腑::概述,1,"内容::脑、髓、骨、脉、胆、女子胞的总称<br>###命名::似脏非脏，似腑非腑，异于常态——""奇恒""<br>###特点::①形态[[中空]]，似腑；②功能[[藏贮精气]]而不泻，似脏",
脑概述,中医基础理论::藏象::奇恒之腑::脑,1,"定义::脑居颅内，由髓汇集而成——""诸髓者，皆属于脑""""脑为[[髓海]]""<br>###别称::""头者，[[精明之府]]""",
脑功能,中医基础理论::藏象::奇恒之腑::脑,1,"生命::主宰生命活动——""脑为[[元神之府]]""，是生命的枢机<br>###精神::主司精神活动——包括意识、思维、情志<br>###感觉::主感觉运动——口舌眼鼻耳五官诸窍皆位于头面与脑相通","名言::""髓海不足，则脑转耳鸣，胫酸眩冒，懈怠安卧""<br>###关系::脑髓充盈与肾精密切相关，且与五脏六腑之精有关——精神活动虽由脑与心主司，尚有""五神脏""之说"
髓,中医基础理论::藏象::奇恒之腑::髓,2,定义::骨腔中脂膏状的微精物质，分[[脑髓]]、[[脊髓]]和[[骨髓]]<br>###功能::充养脑髓、滋养骨骼、化生血液、主灵性技巧,"名言::""骨者，髓之府"""
骨,中医基础理论::藏象::奇恒之腑::骨,3,"功能::藏髓、支撑形体、保护内脏<br>###关系::由肾精充养，由肾气推动调控——""肾主骨""是肾精及肾气促进生长发育的具体体现",标志::骨的发育标志人形体的发育
脉,中医基础理论::藏象::奇恒之腑::脉,2,"别称::""脉者，[[血之府]]也""<br>###功能::容纳和运输血液的通道——心主身之血脉",
女子胞功能,中医基础理论::藏象::奇恒之腑::女子胞,1,别称::胞宫、子宫、子脏<br>###功能::①主持[[月经]]；②孕育[[胎儿]],
女子胞-天癸冲任,中医基础理论::藏象::奇恒之腑::女子胞,1,"天癸::肾中精气化生""天癸""→生殖器官发育成熟→月经来潮/绝经<br>###冲任::天癸至与竭和[[冲任]]二脉盛衰密切相关——治疗月经病及不孕症多调理冲任",关系::女子胞与冲、任、督、带及十二经脉均有密切关系
女子胞-脏腑关系,中医基础理论::藏象::奇恒之腑::女子胞,1,"最密切::女子胞与[[心肝脾肾]]关系尤为密切<br>###别称::""[[女子以肝为先天]]""<br>###经脉::最密切的脏腑经络：心、肝、脾、肾、冲任二脉",失调::①气血不和→胞宫功能失调；②心肝脾肾功能障碍→胞宫功能失调；③冲任气血不足→胞宫功能失常
心肺关系,中医基础理论::藏象::脏腑关系::脏与脏,1,"核心::气与血相互依存、相互为用——心主血，肺主气<br>###中心::[[宗气]]是联系心主行血和肺主呼吸的中心环节<br>###名言::""呼出心与肺""",病理::①心气不足→行血无力→心血瘀阻→肺气壅滞→咳嗽喘促；②肺气不足→血运无力→心悸心痛
心脾关系,中医基础理论::藏象::脏腑关系::脏与脏,1,血液生成::心主血供养于脾，心阳温脾；脾旺血足则心血充盈<br>###血液运行::心行血推动血行；脾统血控制血液不逸出脉外,病理::心脾两虚：眩晕、心悸失眠多梦、腹胀体倦乏力、面色无华
心肝关系,中医基础理论::藏象::脏腑关系::脏与脏,1,血液::心主行血使肝有所藏，肝主藏血调节血量<br>###情志::心主藏神有利于肝主疏泄，肝主疏泄有利于心神内守,病理::①心血不足与肝血亏虚相互影响→心肝血虚；②心神不安/肝气郁结→精神恍惚；③心火/肝火→心烦失眠、急躁易怒
心肾关系,中医基础理论::藏象::脏腑关系::脏与脏,1,"水火既济::心火下降于肾制约肾阴使肾水不寒；肾水上济于心制约心阳使心火不亢 = ""[[心肾相交]]""<br>###精神互用::心主神，神全可益精；肾主精，积精可全神<br>###君相安位::心为[[君火]]居上主宰；肾为[[相火]]居下为阳气之根","病理::""[[心肾不交]]""：肾阴虚于下而心火亢于上→心烦失眠、眩晕耳鸣、腰膝酸软、五心烦热"
肺脾关系,中医基础理论::藏象::脏腑关系::脏与脏,1,"气生成::宗气生成：肺吸入清气 + 脾运化水谷精气→宗气。""肺为主气之枢，脾为生气之源""<br>###津液::肺气宣降主行水，脾主运化水饮上输于肺——""脾为生痰之源，肺为贮痰之器""",病理::肺脾两虚：少气、神疲、乏力、懒言、声低息微
肺肝关系,中医基础理论::藏象::脏腑关系::脏与脏,1,"核心::人体气机升降——肝主升（生于左），肺主降（藏于右）= ""[[龙虎回环]]""<br>###重要::肝气主升、肺气主降为全身气机调畅最重要的环节",病理::①肝失疏泄/肝火犯肺→咳嗽气急（[[木火刑金]]）；②肺失清肃→肝气上逆→眩晕头痛
肺肾关系,中医基础理论::藏象::脏腑关系::脏与脏,1,"水液::肺为水之上源，肾为主水之脏——互相配合完成津液代谢<br>###呼吸::肺主呼气，肾主纳气——""肺为气之主，[[肾为气之根]]""<br>###阴液::""[[金水相生]]""——肺阴下输于肾，肾阴上滋于肺",病理::①肾不纳气→气喘呼多吸少；②肺肾阴虚→潮热五心烦热颧红盗汗；③肺累及肾→尿少水肿
肝脾关系,中医基础理论::藏象::脏腑关系::脏与脏,1,消化::肝主疏泄协调脾胃升降促进脾运化；脾气健旺使肝气条达疏泄<br>###血液::肝藏血，脾统血，使血不离经脉；脾生血使肝有所藏,病理::①[[肝脾不调]]：胸闷太息、纳呆腹胀、肠鸣泄泻；②脾胃湿热熏蒸肝胆→黄疸
肝肾关系,中医基础理论::藏象::脏腑关系::脏与脏,1,"精血同源::""[[乙癸同源]]""——肝藏血，肾藏精，精血皆由水谷之精化生且能相互资生<br>###藏泄互用::肝气疏泄使肾气封藏有度，肾气闭藏防肝气疏泄太过——调节月经和泄精<br>###阴阳互滋::肾阴滋养肝阴共同制约肝阳；肾阳资助肝阳共同温煦肝脉",病理::①肝肾精血虚→头昏目眩、腰膝酸软；②肝阳上亢→眩晕中风；③下焦虚寒→少腹冷痛、宫寒不孕
脾肾关系,中医基础理论::藏象::脏腑关系::脏与脏,1,先后天::脾为后天之本，运化依赖肾的蒸化；肾为先天之本，精气充盈依赖脾运化水谷精微的充养<br>###水液::脾主运化水液，肾为主水之脏（肾阳气化，开合有度）,病理::①脾肾精虚→生长发育迟缓或未老先衰；②脾肾阳虚→畏寒腹痛、五更泄泻、完谷不化；③脾肾两虚水湿内停→浮肿腹胀便溏
腑与腑关系,中医基础理论::藏象::脏腑关系::腑与腑,2,核心::体现于饮食物在消化、吸收、排泄过程中的相互联系与密切配合<br>###特点::六腑以降为顺，以通为用<br>###病变::常多表现在传化及排泄异常,传变::胃失和降→小肠泌别清浊失常→大肠传化糟粕失常；胆排泄障碍→影响脾胃运化；三焦不通→水液不行→尿少
心与小肠,中医基础理论::藏象::脏腑关系::脏与腑,1,联系::浊气归心→心血滋养心阳温煦助小肠化物；小肠化物泌清别浊→化生心血<br>###病理::[[心火下移小肠]]；小肠实热上熏于心；小肠虚寒日久致心血不足,
肺与大肠,中医基础理论::藏象::脏腑关系::脏与腑,1,肃降::肺气清肃下降→布散津液→促进大肠传导<br>###传导::大肠传导→糟粕下行→有利于肺气清肃,病理::①肺失肃降→腑气不通、肠燥便秘；②肺气虚弱→气虚便秘或大便溏泄；③大肠实热→腑气阻滞→胸闷咳喘
脾与胃,中医基础理论::藏象::脏腑关系::脏与腑,1,"纳运::[[纳运相得]]——脾主运化，胃主受纳<br>###升降::[[升降相因]]——脾主升清，胃主降浊，是脾胃间最根本最重要的关系。""脾宜升则健，胃宜降则和""<br>###燥湿::[[燥湿相济]]——脾喜燥恶湿，胃喜润恶燥。""太阴湿土得阳始运，阳明燥土得阴自安""",病理::①纳运失常→纳少脘痞、腹胀泄泻；②升降失常→胃脘坠胀、呕吐呃逆或内脏下垂；③燥湿失常→湿困脾运、排便异常
肝与胆,中医基础理论::藏象::脏腑关系::脏与腑,1,同司疏泄::肝主疏泄分泌胆汁促进排泄；胆附于肝藏泄胆汁有利于肝气疏泄<br>###共主勇怯::肝主[[谋虑]]，胆主[[决断]],病理::肝胆气滞、肝胆湿热、肝胆火旺；情志抑郁或惊恐胆怯
肾与膀胱,中医基础理论::藏象::脏腑关系::脏与腑,1,功能::肾气蒸化司膀胱开合，固摄小便；膀胱开合有度有利于肾主水之功<br>###合作::共同完成尿液生成、贮存、排泄,
精的概念,中医基础理论::精气血津液神::精,1,定义::精是由[[禀受于父母]]的生命物质与后天水谷精微相融合而形成的[[精华物质]]，是人体生命的本原，是构成人体和维持人体生命活动的[[最基本物质]]<br>###形态::精一般呈[[液态]]贮藏于脏腑之中或流动于脏腑之间,古文::夫精者，身之本也。是故五脏者，主藏精。食气入胃，散精于肝。
精的范畴,中医基础理论::精气血津液神::精,1,广义::[[广义之精]]包括气、血、津液等人体一切精微物质<br>###狭义::[[狭义之精]]专指[[生殖之精]]<br>###范畴::精概念的范畴仅限于先天之精、水谷之精、生殖之精及脏腑之精，[[不包含]]血、津液,
先天之精,中医基础理论::精气血津液神::精,1,定义::生命的[[本原物质]]，受之父母，[[先身而生]]<br>###功能::是构成人体[[胚胎]]和[[繁衍后代]]的基本物质,古文::以母为基，以父为楯。两神相搏，合而成形，常先身生，是谓精。
后天之精,中医基础理论::精气血津液神::精,1,来源::自然界清气、饮食物中摄取的营养精华以及脏腑气化所生成的精微物质<br>###基础::[[清气]]与[[饮食水谷]]是后天化生精微物质的基础<br>###水谷之精::由饮食水谷所化生的精微物质又称[[水谷之精]],
精的贮藏,中医基础理论::精气血津液神::精,2,总述::人体之精贮藏于脏腑身形中<br>###肾藏精::肾所藏先天之精在胎儿时期便贮藏于各脏腑中；后天之精经脾肺输送到各脏腑，部分输送于肾中以充养先天之精<br>###封藏::肾的藏精功能主要依赖肾气的[[封藏]]作用，肾精化生肾气，固摄封藏使精藏于肾中而不妄泄,古文::肾者主水，受五脏六腑之精而藏之。肾者主蛰，封藏之本，精之处也。<br>###病理::肾气虚亏、封藏失职，可出现遗精、滑精等症状<br>###要旨::肾为[[先天之本]]
精的施泄,中医基础理论::精气血津液神::精,2,形式一::分藏于各脏腑，濡养脏腑，并化气以推动和调节其功能活动<br>###形式二::[[生殖之精]]的施泄以繁衍生命,先天之精::化生[[元气]]，布散全身<br>###后天之精::由脾肺等转输到各脏腑，成为脏腑之精<br>###生殖之精::以先天之精为主体，在后天之精资助下化生，与[[肾气封藏]]、[[肝气疏泄]]及[[脾气运化]]密切相关
精的功能（上）,中医基础理论::精气血津液神::精,1,繁衍::精是生命的本原，生殖之精具有[[繁衍生命]]的作用<br>###濡养::精能[[濡养]]、滋润脏腑、形体、官窍<br>###化血::肾藏精，精生髓，[[精髓]]可化生血液<br>###化气::先天之精化生元气，水谷之精化生水谷之气，肺吸入清气，三者合而成[[一身之气]],古文::精不泄，归精于肝而化清血。精化为气。
精的功能（下）,中医基础理论::精气血津液神::精,1,化神::积精则[[全神]]，精亏则神疲，精亡则神散<br>###抗邪::保卫机体、[[抵御外邪]]入侵,古文::神者，水谷之精气也。精气不散，神守不分。故藏于精者，春不病温。
气的概念,中医基础理论::精气血津液神::气,1,定义::人体内[[活力很强]]、[[运动不息]]的极细微物质<br>###地位::是构成人体和维持人体生命活动的[[基本物质]]之一,
气的生成,中医基础理论::精气血津液神::气,1,来源::[[先天之气]](元气)、[[水谷之气]](最重要)、[[清气]](自然界)<br>###脏腑::肾为生气之[[根]]；脾胃为生气之[[源]]；肺为生气之[[主]],肾::先天之精化生先天之气，是人体之气的根本<br>###脾胃::水谷之精化生水谷之气，成为人体之气的[[主要来源]]<br>###肺::主呼吸之气，主司宗气生成(清气与水谷之气结合生成宗气)
气的推动作用,中医基础理论::精气血津液神::气,1,推动::激发兴奋与促进([[阳气]])<br>###调控::减缓、抑制与宁静([[阴气]])<br>###内容::①生长发育与生殖 ②脏腑经络生理功能 ③精血津液生成运行输布 ④精神活动,病理::推动减弱可致早衰、脏腑功能减弱、血虚、血液运行不利、水液停滞等
气的温煦作用,中医基础理论::精气血津液神::气,1,温煦::[[阳气]]温煦人体(阴气主凉润)<br>###内容::①维持正常体温恒定 ②温养脏腑经络形体官窍 ③保证精血津液正常运行,病理::温煦失常→体温低下、畏寒、脏腑功能减弱、血津运行迟滞等寒象<br>###古文::气不足便是寒。气实者，热也；气虚者，寒也。气主煦之。
气的防御作用,中医基础理论::精气血津液神::气,1,护卫::[[护卫肌表]]，抵御外邪<br>###驱邪::正邪交争，[[驱邪外出]]<br>###修复::自我修复，恢复健康,古文::正气存内，邪不可干。邪之所凑，其气必虚。卫气者，为言护卫周身，温分肉，肥腠理，不使外邪侵犯也。<br>###病理::防御减弱则易染疾病，患病后难以痊愈
气的固摄作用,中医基础理论::精气血津液神::气,1,固血::固摄[[血液]]，使之循行于脉中，不逸出脉外<br>###固液::固摄[[精液]]、[[汗液]]、[[尿液]]、唾液、胃肠液等，调控其分泌量或排泄量<br>###对象::固摄对象概括为[[血、津、精]],病理::固摄减弱→出血、自汗、多尿、小便失禁、流涎、泄泻滑脱、遗精、滑精、早泄等
气的中介与气化,中医基础理论::精气血津液神::气,2,中介::气感应传导信息，维系机体整体联系，是脏腑形体官窍之间相互联系的[[中介]]<br>###气化::通过气的运动产生的各种变化，即精气血津液各自的[[新陈代谢]]及其[[相互转化]],营养::气还具有营养作用，如水谷精气、营气<br>###古文::味归形，形归气；气归精，精归化。
气机的概念与形式,中医基础理论::精气血津液神::气,1,概念::[[气机]]即气的运动<br>###形式::基本形式为[[升降]]与[[出入]]<br>###正常::气机调畅，即升降出入运动的平衡协调和畅通无阻,古文::出入废则神机化灭，升降息则气立孤危。非出入，则无以生长壮老已；非升降，则无以生长化收藏。是以升降出入，无器不有。<br>###意义::气的升降出入运动是人体生命活动的根本，停息即意味生命终止
脏腑气机规律,中医基础理论::精气血津液神::气,2,五脏::心肺在上者[[宜降]]；肝肾在下者[[宜升]]；脾胃居中，通连上下，为升降转输的[[枢纽]]<br>###六腑::以通为用，以降为顺，降中寓升,
气机失调,中医基础理论::精气血津液神::气,1,总述::气的运动阻滞，升降出入运动之间平衡失调，统称[[气机失调]]<br>###类型::[[气机不畅]](运行受阻)→[[气滞]](局部阻滞)→[[气逆]](上升太过或下降不及)→[[气陷]](上升不及或下降太过)→[[气脱]](外出太过不能内守)→[[气闭]](不能外达而郁结塞闭),古文::百病生于气也。<br>###治则::调畅气机为治疗疾病的[[基本法则]]
气化,中医基础理论::精气血津液神::气,2,概念::气的运动所产生的各种变化<br>###内容::体内精微物质的化生及输布，精微物质之间、精微物质与能量之间的互相转化，以及废物的排泄<br>###实质::体内[[物质新陈代谢]]过程，是物质转化和能量转化的过程,表现::精化为气、气化为精；精血同源互化；津血同源互化；浊气呼出、汗液尿液排泄、粪便排泄等
元气,中医基础理论::精气血津液神::气,1,概念::人体[[最根本、最重要]]的气，是人体生命活动的[[原动力]]。即原气、真气、先天之气<br>###生成::肾所藏先天之精化生，根于[[命门]]，赖后天精气充养<br>###分布::从肾发出，以[[三焦]]为通路，循行全身，内而五脏六腑，外而肌肉腠理，[[无处不到]],脏腑::肾、脾胃<br>###古文::命门者……原气之所系也。三焦者，原气之别使也，主通行三气，经历于五脏六腑。<br>###病理::元气虚衰→生长发育迟缓、生殖功能低下、未老先衰等虚衰性病变
元气的功能,中医基础理论::精气血津液神::气,1,发育::推动调节人体[[生长发育与生殖]]<br>###脏腑::推动调控各脏腑、经络、形体官窍的生理活动,古文::命门为元气之根，为水火之宅，五脏之阴气非此不能滋，五脏之阳气非此不能发。
宗气,中医基础理论::精气血津液神::气,1,概念::水谷精气与自然界清气相结合、积聚于[[胸中]]之气<br>###别称::宗气积聚之处称为[[膻中]]、【*气海::气聚之处*】<br>###生成::脾气运化的[[水谷之气]]＋肺吸入的[[自然界清气]],脏腑::脾胃、肺<br>###古文::其大气之搏而不行者，积于胸中，命曰气海。
宗气的分布与功能,中医基础理论::精气血津液神::气,1,分布::积聚胸中，上走[[息道]]，贯注[[心脉]]，蓄于丹田注于足阳明之气街<br>###呼吸::上走息道以行呼吸，与呼吸、语言、[[发声]]有关<br>###行血::贯心脉以行血气，与血液运行、[[心搏强弱及节律]]有关<br>###资元::资先天元气,其他::与肢体寒温和活动能力、视听言动感受能力有关<br>###诊法::胃之大络，名曰[[虚里]]，候宗气盛衰<br>###古文::宗气者，动气也。凡呼吸、语言、声音，以及肢体运动，筋力强弱者，宗气之功用也。<br>###病理::宗气虚→呼吸短促微弱、语言不清、脉来躁急或微弱无力
卫气,中医基础理论::精气血津液神::气,1,概念::行于[[脉外]]具有[[保卫]]作用的气，又称[[卫阳]]<br>###生成::脾胃化生的水谷精气，其[[慓悍]]部分分化生卫气，其气慓疾滑利<br>###分布::行于脉外，不受脉道约束，外而皮肤肌腠，内而胸腹脏腑，布散全身,古文::卫者，水谷之悍气也。其气慓疾滑利，不能入于脉也。谷入于胃，以传与肺，五脏六腑，皆以受气，其清者为营，浊者为卫。
卫气的功能,中医基础理论::精气血津液神::气,1,防御::保卫肌表，[[防御外邪]]<br>###温养::温养全身(脏腑、肌肉、皮毛)，即[[温分肉，充皮肤，肥腠理]]<br>###开阖::调节[[腠理]]开阖，促使汗液有节制排泄，维持体温恒定<br>###睡眠::与睡眠有关，[[昼精而夜瞑]],古文::卫气者，为言护卫周身，温分肉，肥腠理，司开阖者也。卫气和，则分肉解利，皮肤润柔，腠理致密矣。<br>###病理::卫气虚→恶寒发热、汗出异常(无汗/多汗/自汗)、抗邪能力低下、昼不精夜不寐
营气,中医基础理论::精气血津液神::气,1,概念::行于[[脉中]]而具有[[营养]]作用的气，又称[[营阴]]<br>###生成::脾胃化生的水谷精气，其[[精华]]部分化生营气并进入脉中运行全身<br>###分布::与血同行，循脉运行全身，[[营周不休]],常识::临床常[[营血并称]]<br>###古文::营者，水谷之精气也。和调于五脏，洒陈于六腑，乃能入于脉也。故循脉上下，贯五脏，络六腑也。
营气的功能,中医基础理论::精气血津液神::气,1,化血::营气者，泌其津液，注之于脉，[[化以为血]]<br>###营养::营气循脉运行，[[营养全身]]脏腑组织,古文::此所受气者，泌糟粕，蒸津液，化其精微，上注于肺脉，乃化而为血，以奉生身，莫贵于此，故独得行于经隧，命曰营气。
营卫关系,中医基础理论::精气血津液神::气,1,共同来源::都以[[水谷精气]]为主要生成来源<br>###区别::[[营在脉中]]，[[卫在脉外]]<br>###阴阳::营主内守属于[[阴]]，卫主外卫属于[[阳]],协调::营卫和调维持正常体温、腠理开合、汗液分泌、昼精夜寐及抗邪能力<br>###病理::营卫不和→恶寒发热、无汗或多汗、昼不精夜不瞑、易感冒
血的概念,中医基础理论::精气血津液神::血,1,定义::循行于脉中具有营养的[[红色液态物质]]，是构成人体和维持人体生命活动的基本物质之一<br>###离经::血液逸出脉外形成出血，称为[[离经之血]]；不能及时排出或消散则变为[[瘀血]],
血的生成-物质基础,中医基础理论::精气血津液神::血,1,水谷::[[水谷之精]]化生营气和津液进入脉中成血<br>###肾精::肾藏精，精生[[髓]]，髓可化为血；肾精输于肝，化以为血,古文::中焦受气取汁，变化而赤，是谓血。肾藏精，精者，血之所成也。精不泄，归精于肝而化清血。
血的生成-脏腑,中医基础理论::精气血津液神::血,1,脾胃::血液生化之[[源]]，运化的水谷精微所产营气和津液是血液主要构成成分<br>###肝肾::肾藏精生髓化血；肝藏血，[[精血同源]]；肝疏泄配合肾精化血<br>###心肺::营津上注心肺，在心气作用下变化成红色血液([[心生血]])；上注于肺脉与清气融合化血,版本::十版/十一版→脾胃、肾肝、心肺；八版/九版→脾胃、心肺、肾；人卫三版→脾胃、肝肾、心肺<br>###古文::血乃中焦之汁……奉心化赤而为血。此所受气者，泌糟粕，蒸津液，化其精微，上注于肺脉，乃化而为血。
血的运行-因素,中医基础理论::精气血津液神::血,2,气::气的推动与宁静协调；温煦与凉润平衡；固摄作用<br>###脉道::脉道[[完好无损]]与[[通畅无阻]]<br>###血液::血液清浊与黏稠状态<br>###病邪::[[阳热]]、[[阴寒]]等病邪影响,
血的运行-脏腑,中医基础理论::精气血津液神::血,1,心::主血脉，[[心气]]是血液运行动力，起主导作用<br>###肺::[[朝百脉]]，主治节辅助心脏主管全身血脉；宗气贯心脉行气血<br>###肝::主疏泄调畅气机保证血行通畅；[[肝藏血]]调节血量，防止血逸脉外<br>###脾::主[[统血]]，防止血逸,促进::心气推动、肺气宣降、肝气疏泄<br>###固摄::脾统血、肝藏血
血的功能,中医基础理论::精气血津液神::血,1,濡养::[[濡养滋润]]，表现为面色红润、肌肉丰满、皮肤毛发润泽、感觉运动灵活自如<br>###化神::血为精神活动的主要物质，[[血脉和利，精神乃居]],其他::血液可化生乳汁、经水，养育胎儿<br>###古文::血主濡之。肝受血而能视，足受血而能步，掌受血而能握，指受血而能摄。血气者，人之神，不可不谨养。
津液的概念,中医基础理论::精气血津液神::津液,1,定义::机体一切[[正常水液]]的总称，包括脏腑组织器官的内在体液及其正常分泌物<br>###来源::都来源于饮食，有赖于[[脾胃]]的运化功能而生成<br>###别称::又称[[阴津]]、[[阴液]],
津与液的区别,中医基础理论::精气血津液神::津液,1,津::质地[[清稀]]，流动性大，布散体表皮肤、肌肉、孔窍，渗入血脉；功能为[[滋润]]<br>###液::质地[[浓稠]]，流动性小，灌注骨节、脏腑、脑、髓；功能为[[濡养]],古文津::腠理发泄，汗出溱泽<br>###古文液::谷入气满，淖泽注于骨，骨属屈伸，泄泽补益脑髓，皮肤润泽
津液的生成,中医基础理论::精气血津液神::津液,1,来源::饮食水谷，通过脾胃运化及有关脏腑生成<br>###主导::以[[脾]]为主导<br>###脏腑::由[[胃]]、[[小肠]]、[[大肠]]共同完成,古文::饮入于胃，游溢精气，上输于脾，脾气散精，上归于肺，通调水道，下输膀胱，水精四布，五经并行。
津液的输布,中医基础理论::精气血津液神::津液,1,脾::脾气[[散精]]与升清，上输于肺或直接灌溉四傍<br>###肺::肺[[通调水道]]，为[[水之上源]]，宣发输布上部外周，肃降输布内部下部<br>###肾::肾气[[蒸腾气化]]，[[肾主水]]对津液输布排泄起主宰作用<br>###肝::肝主疏泄调畅气机，[[气行则津布]]<br>###三焦::[[决渎]]为水道，水道通利则津液正常输布,病理脾::脾失运化→水湿痰饮或水肿胀满<br>###病理肺::肺失通调→痰饮，甚则水泛为肿<br>###病理肝::肝失疏泄→津液停滞，痰饮水肿；痰气互结致梅核气、痰瘤、鼓胀
津液的排泄,中医基础理论::精气血津液神::津液,1,途径::[[尿液]](最主要)、[[汗液]]、呼气、粪便<br>###脏腑::肾(最重要)、肺、脾<br>###要旨::水之本在肾，水之标在肺，水之制在脾,尿::肾气蒸化下输膀胱的津液生成尿液。失常则尿少、尿闭、水肿<br>###汗::肺气宣发将津液外输体表化为汗液。失常则汗液排泄异常<br>###古文::肾者，胃之关也，关门不利，故聚水而从其类也。上下溢于皮肤，故为胕肿。
津液的功能,中医基础理论::精气血津液神::津液,1,滋润::[[滋润濡养]]各脏腑组织器官<br>###充脉::[[津液＋营气＝血液]]，滋养滑利血脉，调节血液浓度及血量([[津血同源]])<br>###阴阳::调节机体阴阳平衡<br>###排泄::排泄代谢产物<br>###载气::津液为气的载体之一,
神的概念,中医基础理论::精气血津液神::神,1,广义::人体生命活动的[[主宰]]及其外在总体表现的统称，包括形色、眼神、言谈、表情、应答、举止等<br>###狭义::指[[意识]]、[[思维]]、[[情志]]等精神活动<br>###形神::形为神之质，神为形之用；形存则神存，形亡则神灭,
神的生成,中医基础理论::精气血津液神::神,1,元神::先天之神，由先天精气所生，为生命之根本([[脑为元神之府]])<br>###物质::神的物质基础为精、气、血、津液<br>###五脏::[[五脏藏神]]：肝藏血血舍魂，脾藏营营舍意，心藏脉脉舍神，肺藏气气舍魄，肾藏精精舍志,古文::两精相搏谓之神。血气者，人之神。气和而生，津液相成，神乃自生。
神的分类,中医基础理论::精气血津液神::神,2,五神::[[神、魂、魄、意、志]]，概括感觉、意识、思维等精神活动。[[心]]统率魂魄意志，为精神活动主宰<br>###情志::[[七情]]：喜怒忧思悲恐惊；[[五志]]分属五脏(心喜、肝怒、肺忧、脾思、肾恐)<br>###思维::意→志→思→虑→智,古文::两精相搏谓之神，随神往来者谓之魂，并精而出入者谓之魄，所以任物者谓之心，心有所忆谓之意，意之所存谓之志，因志而存变谓之思，因思而远慕谓之虑，因虑而处物谓之智。
神的作用,中医基础理论::精气血津液神::神,1,主宰生命::神是生理和心理活动的主宰，其盛衰是生命力盛衰的综合体现<br>###主宰精神::统率意识、思维、情志等精神活动<br>###调节::调节[[精气血津液]]的代谢和脏腑功能,古文::得神者昌，失神者亡。<br>###要旨::形与神俱则生，形与神离则死；神是机体生命存在的根本标志
精与气的关系,中医基础理论::精气血津液神::相互关系,1,气生精::气充则精盈，气虚则精亏。治法：[[补气生精]]、补气固精<br>###精化气::精足则气旺，精亏则气衰。精亏与失精患者可兼见气虚,古文::善治精者，能使精中生气；善治气者，能使气中生精。
精血同源,中医基础理论::精气血津液神::相互关系,1,概念::精能化血，血能养精，精与血相互滋生和相互转化<br>###别称::又称[[肝肾同源]]<br>###精化血::水谷之精和肾精是血液化生的基础物质<br>###血养精::血液充养脏腑化生脏腑之精，滋养肾精,发为血之余::肾精化血荣养头发，肾精亏耗→头发枯槁脱落<br>###病理::肝血不足与肾精亏损相互影响→头晕眼花、耳聋耳鸣
津血同源,中医基础理论::精气血津液神::相互关系,1,概念::血和津液都由水谷精微化生，同具滋润濡养作用，可相互资生转化<br>###津生血::津液是血液重要组成部分，脉外津液进入脉中则[[化而为血]]<br>###血化津::脉中津液可渗出脉外化为津液<br>###血汗::津液可化为汗液排泄，故有[[血汗同源]]之说,夺汗无血::大汗剧烈吐泻→血脉空虚津枯血燥，应慎用破血逐瘀之剂或放血疗法<br>###夺血无汗::失血过多→脉外津液不足，应慎用发汗等方法<br>###古文::夺汗者无血。夺血者无汗。衄家不可发汗。亡血家不可发汗。
气血关系概述,中医基础理论::精气血津液神::相互关系,1,气为血帅::包括[[气能生血]]、[[气能行血]]、[[气能摄血]]<br>###血为气母::包括[[血能养气]]、[[血能载气]],
气能生血,中医基础理论::精气血津液神::相互关系,1,含义::气参与促进血液的生成<br>###相关::营气、脾胃之气、肾肝之气、心肺之气均参与<br>###治法::治疗[[血虚]]病证，[[配用补气药]],
气能行血,中医基础理论::精气血津液神::相互关系,1,含义::[[气行则血行]]，气的推动作用是血液运行的动力<br>###相关::[[心气]]、[[肺气]]、[[肝气]]<br>###治法::治疗血瘀、血随气逆(咳血面红目赤头痛甚则吐血)、血随气陷(脘腹坠胀便血崩漏尿血)等，常使用补气、行气、降气、升提等法,应用::治疗[[血瘀证]]，常酌配补(益)气、行(理)气药物
气能摄血,中医基础理论::精气血津液神::相互关系,1,含义::气具有统摄血液在脉中正常循行而[[不逸出脉外]]的作用<br>###脏腑::主要体现在[[脾气统血]]中<br>###病理::脾不统血/气不摄血→吐血、咳血、尿血、便血、衄血、崩漏等多种出血,治法::用[[补气法]]治疗出血，体现气能摄血([[补气摄血]]法)
血能养气与载气,中医基础理论::精气血津液神::相互关系,1,养气::血对气具有[[濡养]]作用，血虚日久往往兼有气虚，当养血与补气兼顾<br>###载气::血液是气的载体。[[气不得血，则散而无统]],气随血脱::大出血患者气无所依附→气脱病变<br>###治法::[[益气固脱]]和止血补血法<br>###古文::血为气之守。
气与津的关系,中医基础理论::精气血津液神::相互关系,1,气生津::气是津液生成的动力，[[脾胃之气]]最重要。气虚致津液不足→[[补气生津]]<br>###气行津::气推动津液输布排泄。气不行津→痰饮、水湿、水肿([[气不化水]])<br>###气摄津::气固摄津液防无故流失。气不摄津→多汗、自汗、多尿、遗尿、口角流涎等,古文::善治痰者，不治痰而治气，气顺则一身之津液，亦随气而顺矣。<br>###治则::补气行气法与利湿化痰法配合(治痰先治气、治湿兼理脾)
津与气的关系,中医基础理论::精气血津液神::相互关系,1,津生气::津液受阳气蒸腾温化化生为气([[水化气]])。津液亏虚可致气虚→津气亏虚<br>###津载气::津液是气的载体之一,气随津泄::暑热伤津，气随汗液外泄→少气懒言、体倦乏力等气虚表现<br>###气随津脱::大汗、剧烈吐泻等津液大量丢失→气随之大量外脱，可见精神萎靡、肌肤湿冷、四肢厥逆、脉微欲绝<br>###古文::吐下之余，定无完气。<br>###注意::发汗、涌吐和泻下三法应[[中病即止]]，勿使过用而生变证
精气与神的关系,中医基础理论::精气血津液神::相互关系,1,精气化神::神以精气为物质基础。精盈则[[神明]]，精亏则神疲；气充则神明，气虚则神衰。气为[[神之母]]<br>###神驭精气::脏腑功能及精气血等物质代谢都必须受神的[[调控主宰]]<br>###协调::神安则精固气畅，神荡则精失气衰,古文::积精全神。得神者昌，失神者亡。<br>###形神::形是神之宅，神乃形之主
经络的概念,中医基础理论::经络::总论,1,定义::经脉与络脉的统称<br>###功能::运行全身[[气血]]、联络脏腑形体官窍、沟通上下内外、[[感应传导信息]]的通路系统<br>###地位::是人体结构的重要组成部分,
经络系统组成-经脉,中医基础理论::经络::总论,1,十二正经::手三阴(肺、心包、心)、手三阳(大肠、三焦、小肠)、足三阴(脾、肝、肾)、足三阳(胃、胆、膀胱)，与脏腑有直接[[属络]]关系<br>###奇经八脉::督、任、冲、带、阴维、阳维、阴跷、阳跷，联络统率调节正经<br>###十二经别::十二经脉别出的经脉，概括为[[离入出合]]，又称[[六合]],正经::气血运行的主要通道，循环贯注<br>###奇经::十二经脉气血充盛有余则渗注于奇经<br>###经别::十二经脉的最大分支，加强表里两经在体内的联系
经络系统组成-络脉,中医基础理论::经络::总论,1,别络::十五别络(十二经脉＋任督各一＋[[脾之大络]])，为最大络脉，加强表里两经体表联系<br>###浮络::循行于人体[[浅表]]部位且常浮现的络脉，沟通经脉输达肌表<br>###孙络::[[最小]]的络脉，具有溢奇邪、通营卫作用,
经络系统组成-连属,中医基础理论::经络::总论,2,经筋::十二经脉之气聚散结于[[筋肉骨节]]的体系，约束骨骼屈伸关节<br>###皮部::十二经脉及其所属络脉在体表的[[分区]]，抗御外邪<br>###内属::五脏六腑，为十二经脉属络者,古文::宗筋主束骨而利机关也。
十二经脉命名,中医基础理论::经络::十二经脉概述,1,手足::手经行于[[上肢]]，起止于手；足经行于[[下肢]]，起止于足<br>###阴阳::阴经分布四肢[[内侧]]，隶属[[脏]]；阳经分布四肢[[外侧]]，隶属[[腑]]<br>###三阴三阳::太阴(前)、厥阴(中)、少阴(后)；阳明(前)、少阳(中)、太阳(后),表里::太阴与阳明、厥阴与少阳、少阴与太阳互为表里
四肢分布规律,中医基础理论::经络::十二经脉概述,1,总规律::[[阴经内侧，阳经外侧]]<br>###上肢::太阴前、厥阴中、少阴后(内)；阳明前、少阳中、太阳后(外)<br>###下肢::内踝尖上八寸以上同上肢规律；八寸以下[[厥阴在前，太阴在中]],口诀::内侧太厥少，外侧阳少太；八寸以下肝脾换
走向规律,中医基础理论::经络::十二经脉概述,1,手三阴::从[[脏]]走[[手]]<br>###手三阳::从[[手]]走[[头]]<br>###足三阳::从[[头]]走[[足]]<br>###足三阴::从[[足]]走[[腹]],口诀::手之三阴从脏走手，手之三阳从手走头，足之三阳从头走足，足之三阴从足走腹
交接规律,中医基础理论::经络::十二经脉概述,1,表里交接::相表里的阴经与阳经在[[四肢末端]]交接(如肺大肠交食指，心小肠交小指等)<br>###同名交接::同名手足阳经在[[头面部]]交接(如大肠胃交鼻翼，小肠膀胱交目内眦等)<br>###足手交接::足手阴经在[[胸中]]交接(如脾心交心中，肾心包交胸中，肝肺交肺中),
头面躯干分布规律,中医基础理论::经络::十二经脉概述,2,头面::阳明行[[额]]面，少阳行[[侧头]]，太阳行头顶头后及面颊；手少阴心经与足厥阴肝经到达[[目系]]<br>###躯干::手三阴行腋下，手三阳行肩胛部；足阳明行[[胸腹前]]，足太阳行[[背部]]，足少阳行[[体侧]]<br>###足三阴::腹胸部，内→外为肾胃脾肝,
表里关系,中医基础理论::经络::十二经脉概述,1,六对::[[肺与大肠]]、[[脾与胃]]、[[心与小肠]]、[[肾与膀胱]]、[[心包与三焦]]、[[肝与胆]],功能::表里两经在四肢末端交接，加强脏腑间的协调配合
流注次序,中医基础理论::经络::十二经脉概述,1,次序::肺→大肠→胃→脾→心→小肠→膀胱→心包→三焦→胆→肝<br>###口诀::[[肺大胃脾心小肠，膀胱包焦胆肝传]]<br>###功能::建立经络间主体联络途径、气血运行主要渠道、信息传递主流通路,
手太阴肺经,中医基础理论::经络::十二经脉循行,1,起止::起于[[中焦]](胃)，止于拇指桡侧端([[少商]]穴)<br>###联络::络[[大肠]]，属[[肺]]，循胃口，通过肺系(气管、喉咙)<br>###分支::从列缺穴分出，走向食指桡侧端(商阳穴)，交手阳明大肠经,路径::中焦→大肠→胃口→膈→肺→腋下→上肢内侧前缘→寸口→鱼际→拇指端
手阳明大肠经,中医基础理论::经络::十二经脉循行,1,起止::起于食指桡侧端([[商阳]]穴)，止于对侧鼻翼旁([[迎香]]穴)<br>###联络::络[[肺]]，属[[大肠]]；经过[[下齿]]、口、鼻<br>###分支::从缺盆上颈至面颊，入下齿中，挟口左右交叉于人中，至迎香穴交足阳明胃经,重点::入下齿中——下牙痛取大肠经
足阳明胃经,中医基础理论::经络::十二经脉循行,1,起止::起于鼻翼旁([[迎香]]穴)，止于足第二趾外侧端([[厉兑]]穴)，支脉至足大趾内侧交脾经<br>###联络::属[[胃]]，络[[脾]]；经过鼻、[[上齿]]、口唇、喉咙、耳<br>###分支::从足三里下入中趾外侧端；从冲阳穴入足大趾内侧端交足太阴脾经,路径::鼻→鼻根→目内眦→鼻外→上齿→口唇→下颌→耳前→额颅→喉咙→缺盆→乳中→脐旁→气街→大腿前缘→膝→足背→趾端<br>###重点::入上齿中——上牙痛取胃经
足太阴脾经,中医基础理论::经络::十二经脉循行,1,起止::起于足大趾内侧端([[隐白]]穴)，止于心中交手少阴心经<br>###联络::属[[脾]]，络[[胃]]，连[[舌本]]散舌下，注心中<br>###特殊::内踝尖上八寸处交出足厥阴肝经[[之前]],路径::大趾内侧→内踝前→小腿内侧正中→八寸处交出肝经前→大腿内侧前缘→腹中→脾→胃→膈→咽→舌本→舌下<br>###分支::从胃别出，上行注心中交手少阴心经
手少阴心经,中医基础理论::经络::十二经脉循行,1,起止::起于[[心中]]，止于小指桡侧端([[少冲]]穴)<br>###联络::属[[心]]，络[[小肠]]；经肺系，连[[目系]]<br>###分支::从心系挟食道上行，连于目系,路径::心中→心系→膈→小肠；心系→食道→目系；心系→肺→腋下→上肢内侧后缘→掌后锐骨→小指端<br>###重点::连目系——心经与视觉有关
手太阳小肠经,中医基础理论::经络::十二经脉循行,1,起止::起于小指尺侧端([[少泽]]穴)，止于目内眦(睛明穴)交足太阳膀胱经<br>###联络::属[[小肠]]，络[[心]]；过胃、[[咽]]、耳、目<br>###分支::从缺盆入耳中；从面颊至目眶下抵鼻至目内眦,重点::既到目外眦又到目内眦的经脉——[[唯有小肠经]]
足太阳膀胱经,中医基础理论::经络::十二经脉循行,1,起止::起于[[目内眦]](睛明穴)，止于足小趾外侧端([[至阴]]穴)<br>###联络::属[[膀胱]]，络[[肾]]，络[[脑]]<br>###路径::目内眦→额→头顶(百会)→枕骨→络脑→项部→脊柱两旁1.5寸→腰部→臀→腘窝→小腿→外踝后→小趾外侧<br>###分支::从腰部下行经臀至腘窝；从项部下行经肩胛内侧3寸线至腘窝会合,重点::进入颅腔络脑——与脑相关疾病可取膀胱经<br>###脏腑::联系脏腑为膀胱、肾、脑
足少阴肾经,中医基础理论::经络::十二经脉循行,1,起止::起于足小趾下(斜走足心[[涌泉]]穴)，注入胸中交手厥阴心包经<br>###联络::属[[肾]]，络[[膀胱]]，贯[[肝]]，入[[肺]]，络[[心]]；过喉咙、舌<br>###分支::从肾上贯肝膈入肺循喉咙夹舌根；从肺出络心注胸中,路径::足心→内踝后→足跟→小腿内侧后缘→腘窝→股内侧后缘→脊内→肾→膀胱<br>###重点::联系脏腑最多——肾、膀胱、肝、肺、心五脏
手厥阴心包经,中医基础理论::经络::十二经脉循行,1,起止::起于[[胸中]]，止于中指端([[中冲]]穴)，支脉至无名指尺侧端交三焦经<br>###联络::出属[[心包络]]，依次络上中下[[三焦]]<br>###路径::胸中→心包络→膈→三焦；胸中→胁→腋下→上肢内侧中线→肘→腕→掌中→中指端,
手少阳三焦经,中医基础理论::经络::十二经脉循行,1,起止::起于无名指尺侧端([[关冲]]穴)，止于目外眦交足少阳胆经<br>###联络::散络[[心包]]，遍属[[三焦]]；过耳、目<br>###分支::从耳后入耳中出走耳前，至目外眦后方,重点::从耳后入耳中、出走耳前——耳疾取三焦经
足少阳胆经,中医基础理论::经络::十二经脉循行,1,起止::起于[[目外眦]](瞳子髎穴)，止于足第四趾外侧端([[窍阴]]穴)，支脉至足大趾交肝经<br>###联络::属[[胆]]，络[[肝]]；过耳、目<br>###路径::目外眦→额角→耳前→耳后→额部→眉上→枕骨下(风池)→肩上(肩井)→缺盆→胁里→气街→髋关节→大腿外侧→外踝前→足背→四趾端,分支::从耳后入耳中出走耳前；从足背至足大趾交足厥阴肝经
足厥阴肝经,中医基础理论::经络::十二经脉循行,1,起止::起于足大趾爪甲后丛毛处([[大敦]]穴)，上注肺中交手太阴肺经<br>###联络::属[[肝]]，络[[胆]]，夹胃，连[[目系]]，环唇内，沿喉咙<br>###特殊::内踝尖上八寸以下行于下肢前缘，八寸以上行于中线,路径::大趾→足背→内踝→小腿(八寸以下前缘，八寸以上中线)→大腿内侧→毛中→环阴器→小腹→胃→肝→胆→膈→胁肋→喉咙→颃颡→目系→额→巅顶(与督脉会)<br>###分支::从目系下颊里环唇内；从肝别贯膈上注肺
循行归纳-目部,中医基础理论::经络::十二经脉循行,1,目内眦::[[胃经]]、小肠经、膀胱经、阴跷脉、阳跷脉<br>###目外眦::小肠经、[[三焦经]]、胆经<br>###目系::[[心经]]、[[肝经]]<br>###目眶下::任脉、三焦经、小肠经、胆经、冲脉,口诀::目内小胃膀胱(跷)；目外三小胆；目系心肝<br>###特殊::既到目内眦又到目外眦的是小肠经
循行归纳-耳口齿舌,中医基础理论::经络::十二经脉循行,1,耳::胃经、胆经、小肠经、三焦经、阳跷脉、阳维脉、膀胱经<br>###牙齿::大肠经入[[下齿]]，胃经入[[上齿]]<br>###舌::脾经连舌本散舌下，肾经夹舌根两旁<br>###口唇::胃经环绕口唇，督任冲脉环绕口唇，肝经环唇内，大肠经挟口,口诀::经耳三小胆，胃经阳跷膀胱；下齿大肠上齿胃；舌找脾和肾
循行归纳-咽喉巅顶脑,中医基础理论::经络::十二经脉循行,1,喉咙::肺经、胃经、肾经、肝经及任督冲脉、阴维脉<br>###咽::脾经、心经、小肠经及任脉、阴维脉<br>###巅顶::[[督脉]]、肝经(与督脉会于巅)、膀胱经<br>###脑::膀胱经、督脉进入颅腔[[络脑]],口诀::喉肺胃肾肝任督冲阴维；咽脾心小任阴维；巅顶督肝膀；络脑膀胱督
奇经八脉概述,中医基础理论::经络::奇经八脉,1,概念::督脉、任脉、冲脉、带脉、阴维脉、阳维脉、阴跷脉、阳跷脉的总称<br>###功能一::密切十二经脉联系<br>###功能二::调节十二经脉[[气血]]<br>###功能三::与肝、肾、脑、髓、[[女子胞]]关系密切,一源二歧::任督冲三脉同起于[[胞中]]
督脉,中医基础理论::经络::奇经八脉,1,循行::起于[[胞中]]，下出会阴，沿脊柱里面上行，至风府入颅内络脑，沿头部正中线经头顶、额、鼻、上唇至上唇系带处<br>###功能::调节[[阳经]]气血，为[[阳脉之海]]；反映脑、髓和肾的功能，主司生殖<br>###分支::从脊柱内络肾；从小腹内直上贯脐中央贯心到喉部环绕口唇到目眶下,病理::实则脊强反折，虚则头重；大人癫疾，小儿风痫<br>###应用::生殖病证多考虑督脉病变，如精冷不育
任脉,中医基础理论::经络::奇经八脉,1,循行::起于[[胞中]]，下出会阴，经阴阜，沿腹部胸部[[正中线]]上行至喉咙，环绕口唇，分行至目眶下<br>###功能::调节[[阴经]]气血，为[[阴脉之海]]；[[任主胞胎]]，与女子经孕关系密切<br>###分支::由胞中别出，与冲脉相并行于脊柱前,病理::男子为疝气，女子为带下瘕聚
冲脉,中医基础理论::经络::奇经八脉,1,循行::起于[[胞中]]，下出会阴，从气街部起与足少阴经相并，挟脐上行散布胸中，经喉环绕口唇到目眶下<br>###功能::调节十二经气血，为[[十二经脉之海]]、[[五脏六腑之海]]、[[血海]]；调节女子生殖功能<br>###分支::从少腹注肾下沿大腿内侧至足底；从内踝后入足背至大趾；从胞中向后与督脉相通,病理::气从少腹上冲胸咽，咳唾气逆里急<br>###应用::调理月经病及不孕症，多调理[[冲任]]二脉
带脉,中医基础理论::经络::奇经八脉,1,循行::起于[[季胁]]，斜向下行到带脉穴，[[绕身一周]]环行于腰腹部<br>###功能::约束[[纵行诸经]]；主司妇女[[带下]]<br>###固护::固护胎儿,病理::腹部胀满，绕脐腰脊痛，腰溶溶如坐水中，女子赤白带下；带脉虚可见流产、脏器脱垂
阴阳跷脉,中医基础理论::经络::奇经八脉,2,阴跷::起于内踝下肾经[[照海]]穴，经前阴沿腹胸至目内眦<br>###阳跷::起于外踝下膀胱经[[申脉]]穴，经下肢外侧至目内眦<br>###功能::主司[[下肢运动]]；司[[眼睑开合]]；濡养眼目；分主一身左右之阴阳,会合::阴跷阳跷交会于目内眦
阴阳维脉,中医基础理论::经络::奇经八脉,2,阴维::起于小腿内侧足三阴经交会处，沿下肢内侧上行至咽喉与[[任脉]]相会<br>###阳维::起于外踝下与足少阳胆经并行，沿下肢外侧上行至额部与[[督脉]]会合<br>###功能::阴维维系联络全身[[阴经]]；阳维维系联络全身[[阳经]],交会::阴维与足三阴交会后合于任；阳维与足三阳交会后合于督
经别循行特点,中医基础理论::经络::经别络脉经筋皮部,1,概念::从十二经脉别行分出，深入躯体深部，循行于胸腹及头部的支脉<br>###循行::概括为[[离入出合]]——从肘膝以上别出(离)→走入体腔深部(入)→浅出体表上头面(出)→阴经经别合于表里阳经经别(合)<br>###六合::每对相表里经别组成一合，共[[六对]]称为六合,分布::多分布于肘膝、脏腑、躯干、颈项及头部
经别生理功能,中医基础理论::经络::经别络脉经筋皮部,1,功能一::加强十二经脉[[表里两经]]在体内的联系<br>###功能二::加强[[体表与体内]]、四肢与躯干的向心性联系<br>###功能三::加强足三阴三阳经脉与[[心脏]]的联系<br>###功能四::加强十二经脉与[[头面部]]的联系<br>###功能五::扩大十二经脉的[[主治范围]],举例::足太阳膀胱经不经过肛门，但其经别别入于肛，故承山、承筋等可治肛门疾病
别络,中医基础理论::经络::经别络脉经筋皮部,1,组成::[[十五别络]]：十二经脉各一条＋任脉别络＋督脉别络＋脾之大络(加胃之大络为十六别络)<br>###循行::从[[肘膝关节以下]]分出，阴经别络络于阳经，阳经别络络于阴经<br>###分布::循行于四肢，或上行头面，或进入躯干，无固定属络关系,主体::别络是络脉的主体，对无数细小络脉起主导作用
别络功能与经别对比,中医基础理论::经络::经别络脉经筋皮部,1,功能一::加强表里两经在[[体表]]的联系，通达正经未到部位<br>###功能二::加强人体前后侧面联系，[[统率]]其他络脉<br>###功能三::[[渗灌气血]]以濡养全身(通过孙络浮络扩散),对比::别络从肘膝以下分出多分布体表，经别从肘膝以上分出深入体腔；别络阴经阳经相互交通，经别阴经合于阳经突出阳经统率；别络有络穴有所主病症，经别无所属穴位
经筋与皮部,中医基础理论::经络::经别络脉经筋皮部,2,经筋::十二经脉之气濡养筋肉骨节的体系，循行概括为[[结聚散络]]，起于四肢末端向心循行；功能为约束骨骼、主司关节运动<br>###皮部::十二经脉功能活动反映于体表的部位，是十二经脉及其络脉在体表的[[分区]]；位于最浅表，发挥[[御外邪]]作用,应用皮部::观察皮肤色泽形态变化有助于诊断脏腑经络病变；在皮肤施行贴敷、艾灸、梅花针等可治内脏病变<br>###古文::宗筋主束骨而利机关也。欲知皮部，以经脉为纪。
经络的生理功能,中医基础理论::经络::功能与应用,1,联系::沟通表里上下，联系脏腑器官(脏腑与外周肢节、五官九窍、脏腑之间、经脉之间)<br>###运行::通行气血，[[濡养]]脏腑组织<br>###传导::[[感应传导]]作用<br>###调节::调节机能[[平衡]],
经络学说-阐释病理,中医基础理论::经络::功能与应用,1,脏腑间::脏腑之间病变相互影响(如肝经挟胃注肺→肝病可犯胃犯肺)<br>###表里间::相为表里的脏腑在病理上常相互影响(如心火可下移小肠)<br>###脏腑与体表::脏腑与体表组织病变相互影响(如真心痛放射至上肢内侧尺侧缘→心经循行),
经络学说-指导诊治,中医基础理论::经络::功能与应用,1,诊断::经络有一定的循行部位和络属脏腑，可反映所属脏腑病证<br>###头痛辨经::前额→[[阳明经]]；两侧→[[少阳经]]；后头及项部→[[太阳经]]；巅顶→[[厥阴经]]<br>###治疗::指导针灸[[循经取穴]]；药物治疗[[药物归经]]与[[引经报使]]理论,应用::指导针刺麻醉、耳针、电针、穴位埋线、穴位结扎等治疗方法
体质的概念,中医基础理论::体质::概念,1,定义::体质是不同个体在形质、功能和心理方面的身心特征，是在[[先天禀赋]]和[[后天获得]]的基础上所形成的[[形态结构]]、[[生理功能]]、[[心理状态]]方面相对稳定的[[个体化特性]]<br>###学说::体质学说以中医理论为指导，研究体质的概念、形成、类型特征及其对疾病发生、发展、传变过程的影响，指导疾病诊断和防治,别称::又称素质、禀质、气质、形质等<br>###古文::人之生也，有刚有柔，有弱有强，有短有长，有阴有阳。
体质的特点,中医基础理论::体质::概念,1,特点::个体[[差异性]]、[[形神一体性]]、群体[[趋同性]]、[[相对稳定性]]、[[动态可变性]]、连续可测性、[[后天可调性]],要旨::相对稳定性与动态可变性并存——体质既相对固定又可调节
体质的构成与形成,中医基础理论::体质::概念,1,构成::由[[形态结构]]、[[生理功能]]和[[心理状态]]三个要素构成<br>###先天::先天因素包括父母[[禀赋]]、[[性别]]差异<br>###后天::后天因素包括年龄、膳食、生活起居、劳逸、精神情志、自然社会环境、疾病损害、药物治疗等,古文::小儿体质成而未全、全而未壮，脏腑柔弱，易虚易实，易寒易热。
体质与养生,中医基础理论::体质::应用,2,强壮::体质强壮者应加强精神调摄、锻炼身体、注意预防疾病<br>###虚弱::体质虚弱者除预防疾病外，注意饮食起居，避免情志内伤，[[静神动形结合]]<br>###食养::偏阳者进食[[宜凉忌热]]；偏寒者进食[[宜温忌寒]]；阴虚宜甘润生津忌辛辣燥烈；阳虚宜温补忌生冷寒凉,情志::气郁质注意情感疏导；阳虚质助其树立信心
体质与病因-易感性,中医基础理论::体质::应用,1,总述::体质因素决定着个体对某些病邪的[[易感性]]与[[耐受性]]，即[[同气相求]]<br>###偏阳质::易感受[[风、暑、热]]之邪<br>###偏阴质::易感受[[寒、湿]]之邪<br>###小儿::[[稚阴稚阳]]之体，常易感外邪或因饮食所伤发病,古文::易风为病者，表气素虚；易寒为病者，阳气素弱；易热为病者，阴气素衰；易伤食者，脾胃必亏；易劳伤者，中气必损。
体质与发病,中医基础理论::体质::应用,1,强弱::体质强弱决定发病与否及发病情况，疾病发生与否主要取决于[[正气]]的盛衰<br>###证候::体质强者多表现为[[实证]]；体质羸弱者多表现为[[虚证]],古文::凡此九气丛生之病，壮者得之，气行而愈；弱者得之，气著为病也。
体质与病机从化,中医基础理论::体质::应用,1,概念::[[从化]]即病情随体质而变化，指[[病势]]依附于[[质势]]，顺从体质而发生的转化<br>###规律::阴虚阳亢者受邪多从[[热化]]；阳虚阴盛者受邪多从[[寒化]]；津亏血耗者易致邪从[[燥化]]；气虚湿盛者受邪多从[[湿化]],质势::体质类型有其潜在的相对稳定的倾向性<br>###病势::病机变化趋势，不同致病因素有不同病变特点<br>###质化::病势与质势结合使病变性质发生不同变化<br>###古文::邪之阴阳，随人身之阴阳而变也。
体质与疾病传变,中医基础理论::体质::应用,1,总述::疾病传变与否虽与邪之盛衰、治疗得当与否有关，但[[主要取决于体质]]<br>###强壮::体质强壮者一般不易感邪发病，病多实证，病急少传变，[[病程短]]<br>###虚弱::体质虚弱者易感邪易深入，病多变，易危重证，[[不易康复]]，病程缠绵,机制一::通过影响[[正气]]的强弱，决定发病和影响传变<br>###机制二::通过决定病邪的[[从化]]而影响传变——素体阳盛阴虚者多从阳化热，素体阴盛阳虚者多从阴化寒
体质与辨证,中医基础理论::体质::应用,1,基础::体质是辨证的[[基础]]，决定疾病的证候类型<br>###辨体::辨体质是辨证的[[重要内容]]<br>###异同::[[同病异证]]与[[异病同证]]，主要以体质差异为生理基础,同病异证::感受相同病因或患同一种疾病，因体质差异可表现阴阳表里寒热虚实等不同证候<br>###异病同证::感受不同病因或患不同疾病，因体质相类常表现相同或类似的证候类型
辨体论治,中医基础理论::体质::应用,2,总则::临证治病必须结合患者平素体质而治，即[[因人制宜]]<br>###偏阳质::多发实热证，当[[慎用温热伤阴]]之剂<br>###偏阴质::多发实寒证，当[[慎用寒凉伤阳]]之药,
辨体施药,中医基础理论::体质::应用,2,性味::偏阳者宜甘寒、酸寒、咸寒、清润，忌辛温热散苦寒沉降；偏阴者宜温补益火，忌苦寒泻火；气虚者宜补气培元，忌耗散克伐<br>###剂量::体质强壮者耐受性强，剂量[[宜大]]可峻猛；体质瘦弱者耐受性差，剂量[[宜小]]药性宜平和,其他::痰湿质宜健脾芳化忌阴柔滋补；湿热质宜清热利湿忌滋补厚味；瘀血质宜疏利气血忌固涩收敛
辨体针灸,中医基础理论::体质::应用,3,补泻::体质强壮者多发实性病证当用[[泻法]]；体质虚弱者多发虚性病证当用[[补法]]<br>###耐受::体质强者对针石艾灸耐受性强；体质弱者耐受性差<br>###深浅::肥胖体形者进针宜[[深]]刺激量宜大多用温针艾灸；瘦长体型者进针宜[[浅]]刺激量宜小少用温灸,
辨体康复,中医基础理论::体质::应用,3,总则::兼顾体质特征重视[[善后调理]]<br>###偏阳初愈::慎食[[温热]]及辛辣之味<br>###偏阴初愈::慎食[[滋腻]]、酸涩收敛之品,
病因分类,中医基础理论::病因、  发病::总论,1,四大类::[[外感病因]]、[[内伤病因]]、[[病理产物形成的病因]]、[[其他病因]]<br>###七大类::六淫、疠气、七情内伤、饮食失宜、劳逸失度、病理产物、其他病因,外感::包括六淫和疠气
六淫的概念,中医基础理论::病因、  发病::六淫,1,定义::风寒暑湿燥火(热)六种外感病邪的统称<br>###成因::由[[四时不正之气]]所致,
六淫共同致病特点,中医基础理论::病因、  发病::六淫,1,外感性::从肌表或口鼻而入，引起外感病、[[表证]]<br>###季节性::与季节相关，为[[时令病]]<br>###地域性::与居住地方、生活环境相关<br>###相兼性::可单独致病，也可[[合邪]]致病<br>###转化性::证候性质可[[转化]],
风邪概要,中医基础理论::病因、  发病::六淫,1,定义::致病具有[[善动不居]]、轻扬开泄等特点的外邪<br>###季节::以春季为多见，但终岁常在，四季皆有<br>###地位::风邪是导致外感病极为重要的致病因素，故称[[风为六淫之首]]<br>###入路::伤人多从皮毛而入，引起外风病证,
风邪性质与致病特点,中医基础理论::病因、  发病::六淫,1,阳邪::风为阳邪，[[轻扬开泄]]，易袭[[阳位]](头面、咽喉、肌表、腰背等)<br>###善行数变::致病位[[游移]]、行无定处(善行)；变幻无常、发病迅速([[数变]])<br>###主动::致病[[动摇不定]]——颜面肌肉抽掣、眩晕、震颤、抽搐、角弓反张等<br>###百病之长::常兼它邪合而伤人，为外邪致病的[[先导]]；袭人致病最多,古文::故犯贼风虚邪者，阳受之。伤于风者，上先受之。<br>###实例善行::风痹(行痹)：游走性关节疼痛，痛无定处<br>###实例数变::隐疹(荨麻疹)：时隐时现、发无定处、此起彼伏
寒邪概要,中医基础理论::病因、  发病::六淫,1,定义::致病具有[[寒冷]]、[[凝结]]、[[收引]]等特点的外邪<br>###季节::常见于冬季，但气温骤降、贪凉露宿、空调过冷、恣食生冷等也可感受<br>###分类::寒客肌表郁遏卫阳者称为[[伤寒]]；寒邪直中于里伤及脏腑阳气者称为[[中寒]],
寒邪性质与致病特点,中医基础理论::病因、  发病::六淫,1,伤阳::寒为[[阴邪]]，易伤阳气——侵入肌表卫阳被遏(恶寒发热无汗)；直中脾胃脾阳受损(脘腹冷痛呕吐泄泻)；直中少阴损伤心肾阳气<br>###凝滞主痛::寒易凝滞气血，[[不通则痛]]。因寒而痛：有明显受寒原因，[[得温则减，遇寒增剧]]<br>###收引::可使气机收敛，腠理、经络、筋脉[[收缩挛急]]——恶寒无汗、脉紧、挛急作痛屈伸不利,古文::阴盛则寒，阴胜则阳病。寒则气收。寒气入经而稽迟，泣而不行，故卒然而痛。
暑邪概要与性质,中医基础理论::病因、  发病::六淫,1,定义::致病具有[[炎热]]、[[升散]]、兼湿特性的外邪<br>###季节::发病于[[夏至之后，立秋以前]]，有明显季节性<br>###分类::起病缓病情轻者为[[伤暑]]；发病急病情重者为[[中暑]]<br>###阳邪::暑为阳邪，其性炎热——高热、心烦、面赤、脉洪大<br>###升散::暑性升散，易[[扰心神]]，[[伤津耗气]]——汗出过多伤津且耗气，甚则突然昏倒不省人事<br>###挟湿::暑多[[挟湿]]——暑热症状兼见身热不扬、四肢困重、胸闷呕恶、大便溏泄等湿滞症状,古文::先夏至日者为病温，后夏至日者为病暑。气虚身热，得之伤暑。
湿邪概要,中医基础理论::病因、  发病::六淫,1,定义::致病具有[[重浊]]、[[黏滞]]、[[趋下]]特性的外邪<br>###季节::长夏(季夏，夏秋之交)居多，但四季均可发生<br>###入路::气候潮湿、涉水淋雨、居处潮湿、水中作业等感受湿邪,
湿邪性质与致病特点,中医基础理论::病因、  发病::六淫,1,伤阳阻气::湿为[[阴邪]]，易伤[[脾阳]](泄泻、水肿)，阻碍气机(胸膈满闷、脘腹胀、小便淋涩)<br>###重浊::[[重]]——头身困重、头重如裹、着痹(关节疼痛沉重附着难移)；[[浊]]——面垢、小便浑浊、白带过多、湿疹浸淫流水<br>###黏滞::症状[[黏腻不爽]](便排泄不爽、小便滞涩、舌苔厚滑黏腻)；病程[[缠绵]](起病隐缓、病程较长、反复发作、缠绵难愈)<br>###趋下::易袭[[阴位]]，多伤及人体下部——水肿、湿疹、脚气以下肢多见,古文::因于湿，首如裹。伤于湿者，下先受之。湿胜则阳微。
燥邪概要与性质,中医基础理论::病因、  发病::六淫,1,定义::致病具有[[干燥]]、收敛等特性的外邪<br>###季节::秋季的主气<br>###入路::多自口鼻而入，首犯[[肺卫]]<br>###分类::初秋有余热为[[温燥]]；深秋近冬寒气为[[凉燥]]<br>###伤津::燥性干涩，易伤津液——口鼻干燥、咽干口渴、皮肤干涩皲裂、大便干结<br>###伤肺::燥易[[伤肺]]——干咳少痰、痰黏难咯、痰中带血；肺与大肠相表里则大便干涩,古文::燥胜则干。
火热之邪概要,中医基础理论::病因、  发病::六淫,1,定义::致病具有[[炎热升腾]]等特性的外邪<br>###季节::旺于夏季，但不受季节限制，一年四季均可发生<br>###区别::热邪致病多表现为[[全身性弥漫性]]发热；火邪致病多表现为[[局部症状]](肌肤局部红肿热痛、口舌生疮、目赤肿痛等),火热异同::热为温之渐、火为热之极；火多[[内生]]，热多外受；火多脏腑郁发其性[[炎上]]，热多泛及全身；火易耗血动血，热易耗伤阴液<br>###化火::五气化火、五志化火——感受外邪或精神刺激在一定条件下皆可化火
火热性质与致病特点,中医基础理论::病因、  发病::六淫,1,炎上::火热为阳邪，其性[[炎上]]——高热恶热烦渴汗出；多见头面部(目赤肿痛、咽喉肿痛、口舌生疮等)<br>###扰神::火热易[[扰心神]]——轻者心烦失眠，重者狂躁不安或神昏谵语<br>###伤津耗气::迫津外泄气随津泄，或直接消灼煎熬津液——津伤阴亏＋兼见体倦乏力少气懒言等气虚<br>###生风动血::[[热极生风]](高热神昏谵语、四肢抽搐、角弓反张)；[[动血]](灼伤脉络迫血妄行，吐血衄血便血尿血皮肤发斑等)<br>###疮痈::火毒壅聚致阳性疮痈——局部[[红肿热痛]],古文::阳胜则热。诸逆冲上，皆属于火。壮火食气。大热不止，热胜则肉腐，肉腐则为脓，故名曰痈。
六淫总结,中医基础理论::病因、  发病::六淫,1,阳邪::[[风、暑、火(热)]]<br>###阴邪::[[寒、湿]]<br>###伤阳::易伤阳气：[[寒、湿]]<br>###扰神::易扰心神：[[暑、火(热)]]<br>###伤津::易伤津液：[[暑、燥、火(热)]]<br>###耗气::易耗气：[[暑、火(热)]],歌诀::风邪轻扬病袭阳，善行变动百病长。寒阴伤阳凝痛收，燥干伤肺津液伤。暑阳炎热性升散，扰神津气挟湿现。湿阴伤阳阻气机，重浊黏滞趋下先。火热阳炎神津气，生风动血疮痈阳。
疠气,中医基础理论::病因、  发病::疠气,1,概念::有别于六淫而具有强烈致病性和[[传染性]]的外感病邪<br>###别称::瘟疫、疫毒、[[戾气]]、异气、毒气、乖戾之气等<br>###特点::①发病急骤，病情[[危笃]] ②[[传染性强]]，易于流行 ③[[一气一病]]，症状相似,影响因素::气候因素、环境因素、预防措施不当、社会因素<br>###实例::时行感冒、猩红热、白喉、天花、霍乱、鼠疫、流行性出血热、禽流感等
七情内伤的概念,中医基础理论::病因、  发病::七情内伤,1,定义::情绪变化引起脏腑精气功能紊乱而致疾病发生或诱发疾病的病因<br>###七情::[[喜、怒、忧、悲、恐、惊]],
七情与脏腑气血,中医基础理论::病因、  发病::七情内伤,1,五脏对应::肝[[怒]]、心[[喜]]、脾[[思]]、肺[[忧]]、肾[[恐]]<br>###太过伤脏::大喜大惊伤心，大怒郁怒伤肝，过度思虑伤脾，过度悲忧伤肺，过度恐惧伤肾<br>###气血::血有余则怒、不足则恐；心气虚则悲、实则笑不休,
七情致病-伤内脏,中医基础理论::病因、  发病::七情内伤,1,首先影响心神::七情致病首先影响[[心神]]——情志之伤虽五脏各有所属，然求其所由则无不从心而发<br>###损伤相应之脏::过喜伤心、过怒伤肝、思虑伤脾、悲忧伤肺、过恐伤肾<br>###多情交织::数情交织易伤[[心肝脾]]三脏<br>###潜病易发::情志刺激易首先诱发[[潜病之脏腑]]的症状,古文::情志之伤，虽五脏各有所属，然求其所由，则无不从心而发。
七情致病-气机失调,中医基础理论::病因、  发病::七情内伤,1,总述::情志致病通过影响脏腑气机，导致脏腑气机失调、气血逆乱<br>###怒则气上::过度愤怒使肝气疏泄太过，气机[[上逆]]，甚则血随气逆——面红目赤、头胀头痛、急躁易怒，甚则呕血昏厥<br>###喜则气缓::过度喜乐使心气[[涣散不收]]，重者心气暴脱——精神涣散、神志失常，甚则大汗淋漓、气息微弱<br>###悲则气消::过度悲忧伤肺，导致肺气[[耗伤]]——意志消沉、精神不振、气短胸闷、乏力懒言<br>###恐则气下::过度恐惧伤肾，致使肾气不固、气陷于下——二便失禁、遗精滑泄<br>###惊则气乱::突然受惊致心神不定、气机[[逆乱]]——惊悸不安、惊慌失措，甚则神志错乱、二便失禁<br>###思则气结::过度思虑伤脾，导致脾气[[结滞]]运化失职——食欲不振、腹胀便溏、心悸健忘失眠多梦,古文::怒则气逆，甚则呕血及飧泄。喜则气和志达，营卫通利，故气缓矣。大喜坠阳。思则心有所存，神有所归，正气留而不行，故气结矣。恐惧不解则伤精，精伤则骨酸痿厥，精时自下。惊则心无所倚，神无所归，虚无所定，故气乱矣。
七情致病特点,中医基础理论::病因、  发病::七情内伤,2,伤内脏::直接伤及内脏，首先影响心神<br>###乱气机::影响脏腑气机<br>###发情志病::多发为情志病(郁证、癫狂)；可诱发胸痹、真心痛、眩晕等<br>###影响病情::积极乐观有利康复；情志刺激可诱发或加重病情,后续::气机郁滞日久可郁而化热化火；气机不畅引起精瘀、津停、血瘀继而产生痰饮瘀血结石
饮食不节,中医基础理论::病因、  发病::饮食失宜,1,不足::长期摄食不足致气血生化减少，脏腑组织失养，正气不足易招外邪<br>###过饱::饮食过量超过脾胃承受能力——轻者脘腹胀满、嗳腐吞酸、呕吐泄泻；甚者脾胃损伤或发展为消渴、肥胖、胸痹<br>###大病初愈::过食或食肉过多可引起疾病复发,古文::饮食自倍，肠胃乃伤。因而饱食，筋脉横解，肠澼为痔。高粱之变，足生大丁。
饮食不洁,中医基础理论::病因、  发病::饮食失宜,2,定义::进食不洁净食物导致疾病发生<br>###表现::①胃肠病为主(腹痛、吐泻、痢疾) ②传染病 ③食物中毒甚至死亡 ④肠道寄生虫病,
饮食偏嗜,中医基础理论::病因、  发病::饮食失宜,1,寒热偏嗜::偏嗜生冷寒凉易损脾胃阳气致寒湿内生；偏嗜辛温燥热易致肠胃积热<br>###五味偏嗜::五味与五脏各有亲和性，长期偏嗜致相应脏气偏盛——直伤五味相应之脏，可伤己所胜之脏及所主五体<br>###食类偏嗜::如过食肥甘厚味可聚湿生痰化热致肥胖、眩晕、中风、胸痹、消渴等,古文::多食咸则脉凝泣而变色；多食苦则皮槁而毛拔；多食辛则筋急而爪枯；多食酸则肉胝皱而唇揭；多食甘则骨痛而发落。味过于酸，肝气以津，脾气乃绝。
过劳,中医基础理论::病因、  发病::劳逸损伤,1,劳力::[[形劳]]——耗伤精气(少气懒言体倦神疲喘息汗出)，劳伤筋骨(久立伤骨久行伤筋)<br>###劳神::[[心劳]]——耗伤心血损伤脾气，致心悸健忘失眠多梦、纳少腹胀便溏消瘦<br>###房劳::[[肾劳]]——耗伤肾精肾气，见腰膝酸软、眩晕耳鸣、精神萎靡、性功能减退,五劳::久视伤血，久卧伤气，久坐伤肉，久立伤骨，久行伤筋<br>###古文::劳则气耗。因而强力，肾气乃伤，高骨乃坏。
过逸,中医基础理论::病因、  发病::劳逸损伤,2,气机不畅::安逸少动致脾胃功能障碍——胸闷食少腹胀倦怠乏力、肌肉软弱、臃肿肥胖<br>###阳气不振::正气虚弱，动则心悸气喘汗出；抗邪无力易感外邪<br>###神衰::长期用脑过少致神气衰弱——精神萎靡健忘反应迟钝,病理::久则影响气血运行和津液代谢，形成气滞血瘀、水湿痰饮、结石等
痰饮的概念,中医基础理论::病因、  发病::病理产物,1,定义::痰饮是机体[[水液代谢障碍]]所形成的病理产物<br>###痰饮区分::[[稠浊者为痰]]，[[清稀者为饮]]<br>###痰::有形之痰——视之可见、闻之有声的实质性痰浊；[[无形之痰]]——只见征象不见形，以[[苔腻脉滑]]为重要特征<br>###饮::痰饮(饮留胃肠)、悬饮(饮留胸胁)、支饮(饮在胸膈)、溢饮(饮溢肌肤),
痰饮的形成,中医基础理论::病因、  发病::病理产物,1,总述::多由外感六淫、饮食及七情所伤等使肺、脾、肾及三焦等脏腑[[气化功能失常]]，水液代谢障碍，水液停滞而成<br>###脏腑::与肺、脾、肾及三焦关系密切，此外肝、膀胱也影响水液代谢,
痰饮致病特点,中医基础理论::病因、  发病::病理产物,1,阻滞气血::痰饮阻滞气血运行——停于经络致肢体麻木半身不遂；停于脏腑阻滞气机(痰停肺致咳喘、停胃致呕恶、痹阻心脉致胸闷心痛、凝结咽喉致梅核气)<br>###影响水液::痰湿困脾致水湿不运；痰饮阻肺致宣降失职；停滞下焦影响肾膀胱蒸化功能<br>###蒙蔽心神::痰浊上犯清窍——头晕目眩、神昏谵妄、痴呆、癫狂<br>###广泛多变::致病广泛，[[百病多由痰作祟]]；变幻多端——可伤阳化寒、郁而化火、夹风夹热、化燥伤阴<br>###舌脉::多见[[滑腻苔]]，脉[[滑或弦]],古文::其为物则流动不测，故其为害，上至巅顶，下至涌泉，随气升降，周身内外皆到，五脏六腑俱有。
瘀血的概念,中医基础理论::病因、  发病::病理产物,1,定义::体内[[血液停积]]而形成的病理产物，属继发病因<br>###内容::包括体内瘀积的[[离经之血]]和阻滞于经脉及脏腑内运行不畅的血液<br>###别称::蓄血、恶血、败血等<br>###区分::瘀血——病因、病理产物、因病致瘀；血瘀——病机、病理状态、因瘀致病,
瘀血的形成,中医基础理论::病因、  发病::病理产物,1,原因::①血出致瘀 ②[[气滞]]致瘀 ③因虚致瘀(气虚、阳虚、阴虚) ④[[血寒]]致瘀 ⑤[[血热]]致瘀 ⑥津亏致瘀 ⑦痰饮致瘀 ⑧外伤,
瘀血病症特点,中医基础理论::病因、  发病::病理产物,1,疼痛::多为[[刺痛]]，[[固定不移]]，[[拒按]]，[[夜间痛甚]]<br>###肿块::固定，体表青肿，体内癥积，质硬压痛<br>###出血::血色[[紫黯]]或有瘀块<br>###面色::面色紫黯，口唇爪甲青紫，或[[肌肤甲错]]<br>###舌脉::舌紫黯或有[[瘀点瘀斑]]，或舌下静脉曲张；脉[[细涩]]或结代,
瘀血致病特点,中医基础理论::病因、  发病::病理产物,1,阻气::易于阻滞气机——[[血瘀必兼气滞]]<br>###碍血::影响血脉运行——心脉痹阻致胸痹心痛；肝脉阻滞(恶血归肝)；脉络瘀阻致口唇爪甲青紫<br>###碍新血::影响新血生成——[[瘀血不去，新血不生]]<br>###位固病繁::病位固定，病证繁多——局部刺痛固定不移，癥积肿块久不消散,各脏::心——胸闷心痛；肺——胸痛气促咯血；肝——胁痛癥积；胞宫——痛经闭经；脑——突然昏倒半身不遂<br>###化热::瘀久可化热
结石,中医基础理论::病因、  发病::病理产物,3,概念::体内某些部位形成并停滞为病的[[砂石样]]病理产物<br>###形成::饮食不当、情志内伤、服药不当、体质差异<br>###致病::多发于胆、胃、肝、肾、膀胱等脏腑；阻滞气机损伤脉络；疼痛阵发性，有间歇性特点,病症::病程较长，轻重不一；结石小易排出病情轻，结石大嵌顿则病情重
其他致病因素,中医基础理论::病因、  发病::其他,3,外伤::枪弹伤、金刃伤、跌打损伤、烧伤、烫伤、冻伤<br>###药邪::用药过量、炮制不当、配伍不当(十八反十九畏)、用法不当、滥用补药。致病特点：中毒、过敏、加重病情<br>###医过::言行不当、处方草率、诊治失误。致病特点：易致情志异常波动、加重病情,内生毒邪::各种病因导致阴阳失和气血紊乱，体内病理产物蕴结——致病广泛、凶险暴烈、善变、扰神闭窍<br>###胎传::胎弱、胎毒
发病原理,中医基础理论::病因、  发病::发病,1,正气::正气不足是疾病发生的[[内在根据]]。正气包括人体正常功能活动及维护健康的能力(自我调节、适应环境、抗邪防病、康复自愈)<br>###邪气::邪气是发病的[[重要条件]]。邪气作用：导致生理功能失常、造成脏腑形质损害、改变体质类型<br>###胜负::正邪相搏决定发病与否——[[正胜邪退不发病]]，邪胜正负则发病,证候::正盛邪实多实证；正虚邪衰多虚证；邪盛正虚多虚实夹杂或危重证
影响发病的因素,中医基础理论::病因、  发病::发病,2,环境::气候因素、地域因素、生活工作环境、社会环境<br>###体质::影响发病倾向、影响对病邪的易感性、影响证候类型<br>###精神::精神状态与发病密切相关<br>###禀赋::可形成遗传性疾病，也可影响体质状态与正气强弱,
发病类型,中医基础理论::病因、  发病::发病,1,感邪即发::感邪后[[立即]]发病——新感外邪较盛、情志剧变、毒物所伤、外伤、感受疠气<br>###徐发::感邪后[[缓慢]]发病——多见内伤邪气致病<br>###伏而后发::病邪在体内[[潜伏一段时间]]后过时而发——伏气温病、破伤风、狂犬病<br>###继发::在原发疾病基础上继而发生新的疾病——肝阳上亢致中风、小儿食积致疳积,古文::冬伤于寒，春必病温。
合病并病与复发,中医基础理论::病因、  发病::发病,2,合病::两经或三经[[同时]]发病，无先后次第之分<br>###并病::某一部位证候未了，又出现另一部位的病证<br>###复发::余邪未尽、正气未复、加之诱因——临床表现类似初病但病理损害更复杂广泛、病情更重,复发类型::疾病稍愈即复发；休止与复发交替；急性发作与慢性缓解交替<br>###复发诱因::重感致复、食复、劳复、药复、情志致复、气候地域因素
病机的概念,中医基础理论::病机::总论,1,定义::疾病发生、发展与变化的规律和机理<br>###内涵::包括[[病位]]、[[病性]]、[[病因]]、[[病势]]等<br>###类型::包括疾病发生的机理、病变的机理和疾病传变的机理,
病机的层次,中医基础理论::病机::总论,1,基本病机::[[邪正盛衰]]、[[阴阳失调]]、[[精气血津液失常]]<br>###系统病机::经络病机、脏腑病机<br>###类病病机::六经病机、卫气营血病机、三焦病机<br>###疾病病机::某一种病证发生发展变化和结局的基本规律<br>###证候病机::某一种具体证候的发生发展变化和转归规律<br>###症状病机::某一种症状的发生发展变化的病机,病理状态::常见病理状态为[[内生五邪]]
虚实的概念,中医基础理论::病机::邪正盛衰,1,总述::疾病过程中机体正气抗病能力与致病邪气之间相互斗争所发生的盛衰变化<br>###实::[[邪气盛则实]]——以邪气亢盛为矛盾主要方面，正邪斗争剧烈，有余<br>###虚::[[精气夺则虚]]——以正气虚损为矛盾主要方面，虚弱、衰退、不足,
实证,中医基础理论::病机::邪正盛衰,1,常见::外感六淫和邪气致病初中期；水湿痰饮、食积、气滞、瘀血引起的病证；多见于体质壮实者<br>###外感::壮热、狂躁、声高气粗、腹痛拒按、二便不通、[[脉实有力]]、舌苔厚腻<br>###内伤::痰涎壅盛、食积不化、水湿泛滥、气滞血瘀等,
虚证,中医基础理论::病机::邪正盛衰,1,常见::素体虚弱精气不充；外感病后期；各种慢性病日久伤精血津液；暴病汗吐下亡血所致正虚<br>###表现::神疲体倦、面色无华、气短、自汗盗汗，或五心烦热、畏寒肢冷、[[脉虚无力]],
虚实错杂,中医基础理论::病机::邪正盛衰,1,概念::邪盛和正虚[[同时存在]]的病机变化<br>###虚中夹实::以[[正虚]]为主，又兼有实邪<br>###实中夹虚::以[[邪盛]]为主，又兼有正气虚损,成因::邪气亢盛或疾病失治误治致病邪久留损伤正气；或体虚受邪无力祛邪；或正虚又兼内生病理产物凝结阻滞<br>###实例::脾虚湿滞证(脾气虚＋湿滞)；脾阳不振水肿证(脾阳虚＋水湿)；外感热病邪热炽盛兼气津两伤
虚实转化,中医基础理论::病机::邪正盛衰,1,由实转虚::邪气伤正，病程迁延，邪气已去但正气耗伤——本来邪气盛为主转为[[正虚]]为主<br>###因虚致实::正虚产生气滞痰饮瘀血等病理产物，或正虚复感外邪——本来正虚为主转为[[邪气盛]]为主,实例由实转虚::实热证大量耗伤阴液转为虚热证；湿热痢疾泻痢日久损伤正气转为虚证<br>###实例因虚致实::气虚证日久致血瘀转为气虚血瘀证；肺肾两虚哮证复感风寒哮喘复发
虚实真假,中医基础理论::病机::邪正盛衰,1,概念::疾病的临床症状出现与其病机的虚实本质不符的[[假象]]<br>###真实假虚::本质实表现虚——[[大实有赢状]]。邪气亢盛实邪结聚，阳滞经络气血不能外达<br>###真虚假实::本质虚表现实——[[至虚有盛候]]。正气虚弱脏腑气血不足，运化无力外现实象,实例真实假虚::热结肠胃见腹痛硬满拒按、大便秘结(实)，兼见面色苍白四肢逆冷精神委顿(假虚)；热结旁流、食积性腹泻、瘀血内阻崩漏下血<br>###实例真虚假实::脾虚运化无力见脘腹胀满(但柔软喜按)、疼痛(但时作时减)；气虚推动无力致便秘(大便不干但排泄无力)；阳气极度衰绝虚阳外越见面红如妆烦躁不宁
邪正胜负与转归,中医基础理论::病机::邪正盛衰,1,正胜邪退::正气抗邪，正盛邪退——[[康复]]<br>###邪去正虚::正气抗邪，邪退正虚——[[恢复]]<br>###邪胜正衰::邪盛正虚，病情恶化甚至死亡——亡阴亡阳<br>###邪正相持::邪正双方相持，邪气稽留某部不散——病势[[迁延]]<br>###正虚邪恋::余邪未尽，正虚无力祛邪——[[缠绵]]，疾病后期或后遗症,
阴阳失调概述,中医基础理论::病机::阴阳失调,1,概念::机体阴阳双方失去[[相对平衡]]——阴阳偏胜、偏衰、互损、格拒、亡失等<br>###虚实寒热::邪正盛衰是虚实病证的机理，阴阳失调是[[寒热病证]]的病机,
阴阳偏胜,中医基础理论::病机::阴阳失调,1,阳胜则热::阳邪侵犯致机体阳偏盛——[[实热]]。表现热、动、燥：壮热、烦渴、面红、目赤、尿黄便干、苔黄脉数<br>###阴胜则寒::阴邪侵犯致机体阴偏盛——[[实寒]]。表现寒、静、湿：形寒肢冷、蜷卧、舌淡而润、脉迟<br>###阳胜则阴病::阳偏盛伤阴可导致阳盛兼阴虚，进而发展到[[阴虚]]<br>###阴胜则阳病::阴偏盛伤阳可导致阴盛兼阳虚，进而发展到[[阳虚]],成因阳::温热、阴邪化热、情志化火、气滞血瘀食积郁而化热<br>###成因阴::感受寒湿、过食生冷、寒邪中阻
阴阳偏衰,中医基础理论::病机::阴阳失调,1,阳虚则寒::[[虚寒]]。畏寒肢冷、水湿痰饮、精神萎靡喜静蜷卧、脉微细，以[[肾阳虚]]为重<br>###阴虚则热::[[虚热]]。低热、五心烦热、骨蒸潮热、面红消瘦、盗汗、舌红少苔、脉细数，以[[肾阴虚]]为主<br>###阴虚分类::阴虚内热、阴虚火旺、阴虚阳亢<br>###机理::阴阳[[对立制约]]关系失调,成因阳虚::先天不足、后天失养、劳倦内伤、久病伤阳<br>###成因阴虚::阳邪伤阴、五志化火伤阴、久病伤阴(精血津液不足，滋养宁静功能减退)
阴阳互损,中医基础理论::病机::阴阳失调,1,概念::阴阳一方虚损发展影响相对的一方，导致[[阴阳两虚]]<br>###机理::阴阳[[互根互用]]关系失调<br>###阴损及阳::阴虚为主的阴阳两虚。如肝肾阴虚先有五心烦热盗汗，后出现畏寒肢冷面色㿠白<br>###阳损及阴::阳虚为主的阴阳两虚。如肾阳虚水肿先有畏寒肢冷，后出现消瘦烦躁甚至抽搐,
阴阳格拒,中医基础理论::病机::阴阳失调,1,概念::阴阳双方相互排斥出现[[寒热真假]]病变的病机。阴阳不能相互维系<br>###阴盛格阳::本质[[真寒假热]]。阴寒极盛内闭于里，阳气浮越于外。真寒：面色苍白四肢逆冷脉微欲绝；假热：面红烦热口渴脉浮大无根<br>###阳盛格阴::本质[[真热假寒]]。阳盛至极内伏于里，排斥阴气于外。真热：壮热面红气粗烦躁舌红脉数大有力；假寒：四肢厥冷(但身热不恶寒，脉沉伏，此为热厥),
阴阳亡失,中医基础理论::病机::阴阳失调,1,亡阳::阳气突然大量脱失。冷汗淋漓、[[四肢厥冷]]。成因：邪盛正衰正不敌邪、过用汗法或汗出过多气随津脱、素体阳虚疲劳过度、慢性消耗长期耗阳<br>###亡阴::阴气突然大量脱失。大汗而皮肤尚温、烦躁、[[脉数疾]]。成因：热邪炽盛迫津外泄、大吐大下阴液大伤、温邪久留耗伤阴液,鉴别::亡阳→冷汗肢冷；亡阴→汗出肤温；气脱→无明显寒象或热象，见气虚不固或生命机能衰竭
精虚,中医基础理论::病机::精气血津液失常,1,肾精不足::先天禀赋不足、后天失养、过劳伤肾，日久累及于肾。表现：生长发育不良、不孕不育、精神委顿、耳鸣健忘、未老先衰<br>###水谷精不足::脾失健运或饮食不当致水谷精乏源。表现：面黄无华、肌肉瘦削、头昏目眩、疲倦乏力,
精的施泄失常,中医基础理论::病机::精气血津液失常,2,失精::生殖之精和水谷之精大量施泄——肾精大量损失出现失精或精脱。封藏依赖[[肾气封藏]]与[[肝气疏泄]]的协调平衡<br>###精瘀::男子精滞精道、排精障碍。可因房劳过度、忍精不泄、瘀血败精湿热瘀阻、肾气虚推动无力、肝气郁结疏泄失职等,失精治疗::补肾气加填肾精，偏实者泻肝火兼滋肾阴<br>###精瘀治疗::或补气、或疏肝、或活血化瘀、或祛痰利湿
气虚,中医基础理论::病机::精气血津液失常,1,概念::一身之气不足表现出相应功能低下的病理变化<br>###成因::生气不足(先天不足后天失养肺脾肾失调)；耗气过多(劳倦内伤久病不复)<br>###表现::精神委顿、[[倦怠乏力]]、眩晕、自汗、易于感冒、面白舌淡脉虚,分型::元气虚＋生长发育迟缓生殖机能低下；宗气虚＋动则心悸气短
气滞,中医基础理论::病机::精气血津液失常,1,概念::局部气运不畅、郁滞不通，导致脏腑经络功能障碍<br>###成因::情志抑郁、痰湿、食积、热郁、瘀血；肝失疏泄、大肠失传导等<br>###特点::[[胀闷痛]],脏腑::肺→胸闷咳喘；肝→情志不畅、胁肋或少腹胀痛；脾胃→脘腹胀痛、大便秘结
气逆,中医基础理论::病机::精气血津液失常,1,概念::上升太过或下降不及，导致脏腑气机上逆<br>###成因::情志所伤、饮食不当、外邪侵袭痰壅气塞、气虚上逆<br>###特点::[[上逆]],脏腑::肺→咳逆气喘；胃→恶心呕吐嗳气呃逆；肝→头痛头胀面红目赤易怒、咯血昏厥(薄厥)
气陷,中医基础理论::病机::精气血津液失常,1,概念::上升不足或下降太过，气虚升举无力而下陷，导致脏腑位置下垂<br>###特点::[[上气不足]]＋[[中气下陷]]，与脾气不升关系密切<br>###表现::上气不足→头晕目眩耳鸣；中气下陷→[[内脏下垂]](胃下垂、肾下垂、子宫脱垂、肛脱),伴随::常伴面色无华、气短乏力、语声低微、脉弱无力、腰腹胀满重坠、便意频频
气闭与气脱,中医基础理论::病机::精气血津液失常,1,气闭::气闭不能外出、[[清窍闭塞]]出现昏厥。成因：触冒秽浊之气、情志刺激、剧痛、痰阻气道。表现：突然昏厥不省人事<br>###气脱::气不内守大量亡失、生命突然衰竭。表现：面色苍白、汗出不止、目闭口开、全身瘫软、手撒、二便失禁、脉微欲绝或脉虚大无根,分类气闭::闭厥、气厥、痛厥、痰厥、热盛闭厥等<br>###鉴别::亡阳→冷汗肢冷；亡阴→汗出肤温脉数疾；气脱→无明显寒象或热象，见气虚不固或生命机能衰竭
血虚,中医基础理论::病机::精气血津液失常,1,成因::失血过多；生成不足(饮食营养不足脾胃虚弱肾精亏虚精不化血)；消耗过多(久病慢性消耗思虑过度营血暗耗)<br>###表现::失荣＋气虚症状——面色淡白或萎黄、唇舌爪甲淡、神疲乏力、头晕目眩、心悸、脉细弱,脏腑::心血虚→惊悸怔忡、失眠多梦健忘、脉细涩结代；肝血虚→目干、视物昏花、手足麻木、关节屈伸不利、月经延期闭经<br>###关系::血虚成因与脾胃、肾关系密切
血瘀,中医基础理论::病机::精气血津液失常,1,成因::气滞、气虚、久病入络、感受寒热外邪(血寒血热)、瘀浊、出血<br>###表现::疼痛(痛有定处夜间加重)、肿块、唇舌紫暗、舌有瘀点、皮肤赤丝红缕或青紫、肌肤甲错、面色黧黑,
血热,中医基础理论::病机::精气血津液失常,1,成因::外感温热之邪入于血分；病邪入里化热伤及血分；五志过极化火郁于血分；阴虚火旺<br>###表现::既有热象又有[[耗血动血扰神伤阴]]特征——①一般热性症状 ②出血(衄血吐血尿血皮肤斑疹月经提前量多) ③面红目赤舌红绛脉数 ④心神不安心烦躁扰甚则神昏谵语发狂,
出血,中医基础理论::病机::精气血津液失常,2,成因::外伤损伤脉络；气虚不摄血液外逸；血分有热迫血妄行；瘀血内阻血不归经<br>###危重::突然大量出血可引起[[气随血脱]]致全身机能衰竭,
气滞血瘀与气虚血瘀,中医基础理论::病机::精气血津液失常,1,气滞血瘀::多因肝肺心气郁滞不畅。肝失疏泄→胸胁胀满疼痛、癥瘕积聚；心肺→咳喘心悸胸痹唇舌青紫<br>###气虚血瘀::多由心气不足或肺脾气虚所致。心气不足→惊悸怔忡喘促水肿；肢体→轻则无力重则软瘫不用甚至萎缩；多见[[老年人]],
气血关系失常,中医基础理论::病机::精气血津液失常,1,气不摄血::脾不统血。各种出血证＋气虚证(面色不华疲乏倦怠脉虚无力舌淡)<br>###气随血脱::大出血后眩晕或晕厥、冷汗淋漓、四肢不温、脉芤细，为[[气血两脱]]<br>###气血两虚::久病消耗或先失血气随血耗或先气虚血渐衰少。面色淡白萎黄少气懒言形体瘦怯心悸失眠肌肤干燥肢体麻木,气血不荣经脉::肢体麻木或运动不便甚则不用，肌肉干燥瘙痒欠温甚则肌肤甲错
精与气血关系失常,中医基础理论::病机::精气血津液失常,2,精气两虚::精气并虚或精伤及气气伤及精。肾之精气亏虚——生长发育迟缓、生殖机能障碍、早衰<br>###精血不足::多种疾病伤及肝肾。肝肾精血不足——面色无华、眩晕耳鸣、神疲健忘、毛发脱落、腰膝酸软<br>###气滞精瘀与血瘀精阻::气机失调疏泄失司及瘀血内阻皆可致精道瘀阻。前者以情志因素为多阴部胀痛重坠明显；后者可见血精阴部小核硬节,
津液不足,中医基础理论::病机::津液代谢失常,1,概念::津液在数量上的亏少，导致内则脏腑外而孔窍皮毛失去濡润滋养<br>###成因::热邪燥邪伤津；丢失过多(吐泻大汗多尿大面积烧伤)；生成不足(体虚久病脏腑功能减退)<br>###伤津::丧失水分为主——目陷、螺瘪、尿少、口干舌燥、皮肤干燥失去弹性<br>###脱液::水分和精微物质共同丢失——形瘦肉脱、肌肉瞤动、手足震颤、舌光红无苔,关系::伤津未必脱液，脱液必兼伤津。伤津乃脱液之渐，液脱乃津伤之甚。伤津易补，[[液脱难复]]<br>###危重::津液耗伤甚→气随液脱而亡阴亡阳——面色苍白四肢不温脉微欲绝
津液输布排泄障碍,中医基础理论::病机::津液代谢失常,1,输布障碍::津液得不到正常输布，在体内环流迟缓或局部滞留——水湿内生酿痰成饮。最主要的是[[脾运化功能障碍]]<br>###排泄障碍::津液转化为汗液和尿液功能减退——水液潴留为水肿。肺气宣发失常→汗液排泄障碍；[[肾气化]]功能减退→尿液生成排泄障碍<br>###脏腑::与肺脾肾膀胱三焦功能失常有关，并受肝失疏泄影响,古文::诸湿肿满，皆属于脾。<br>###表现::湿浊困阻→胸闷脘痞呕恶纳呆苔腻；痰饮凝聚→痰饮悬饮溢饮支饮；水液贮留→心悸水肿腹水
津液与气血功能失调,中医基础理论::病机::津液代谢失常,1,津停气阻::津液代谢障碍水湿痰饮潴留导致气机阻滞——水饮阻肺(胸满咳喘)、水饮凌心(心悸心痛)、水停中焦(脘腹胀满纳呆)、水停四肢(肢体沉重胀痛)<br>###气随液脱::津液丢失太过气随津液外泄暴脱亡失——高热伤津、大汗伤津脱液、严重吐泻耗伤津液<br>###津枯血燥::津液亏乏枯竭导致血燥虚热内生或血燥生风——心烦鼻咽干燥、五心烦热肌肉消瘦、肌肤甲错伴瘙痒<br>###津亏血瘀::津液耗损导致血行郁滞不畅——津液不足基础上出现舌质紫绛瘀点瘀斑斑疹显露,古文::夫血犹舟也，津液水也。津液为火灼竭，则血行愈滞。
内生五邪概述,中医基础理论::病机::内生五邪,1,概念::疾病过程中，由于脏腑阴阳失调和气血津液功能异常，产生的内风、内寒、内湿、内燥、内火的病机变化<br>###脏腑::内风与[[肝]]；内寒与脾肾；内湿与[[脾]]；内燥与肺胃大肠；内火则五脏皆见,
内风(风气内动),中医基础理论::病机::内生五邪,1,概念::脏腑阴阳气血失调，体内阳气亢逆而致风动之征的病机变化。与肝关系密切，又称[[肝风内动]]<br>###机理::阳盛而亢逆，或阴虚不能制阳，[[阳升无制]]<br>###表现::眩晕、头或肢体动摇、抽搐、震颤,古文::诸暴强直，皆属于风。诸风掉眩，皆属于肝。内风乃身中阳气之变动。<br>###注意::并非所有内风皆为肝，如小儿慢脾风主要病机是脾土虚败
内风分类,中医基础理论::病机::内生五邪,1,肝阳化风::情志所伤肝郁化火或年老肝阴亏耗伤肝肾之阴，阴虚阳亢风气内动。轻→眩晕欲仆筋惕肉瞤肢麻震颤口眼喎斜半身不遂；重→血随气逆卒然仆倒神志昏迷<br>###热极生风::火热亢盛煎灼津液伤及营血劫伤肝阴。热性病极期——高热＋痉厥抽搐鼻翼扇动目睛上吊神昏谵语<br>###阴虚风动::热病后期或久病伤阴，阴液大亏。筋挛肉瞤手足蠕动＋低热起伏舌光红少苔脉细如丝<br>###血虚生风::肝血不足筋脉失养。肢体麻木不仁筋肉跳动手足拘挛不伸<br>###血燥生风::津枯血少失润化燥。皮肤干燥肌肤甲错伴皮肤瘙痒或脱屑,鉴别::外风——感受风邪的外感表证(发热恶风汗出脉浮)。外风可引动内风，内风日久正气不足亦可招致外风侵袭
内寒(寒从中生),中医基础理论::病机::内生五邪,1,概念::机体阳气虚衰、温煦气化功能减退、虚寒内生或阴寒之气弥漫的病机变化<br>###表现::①一般：面色苍白畏寒喜热形寒肢冷舌淡苔白滑润脉沉迟弱 ②阳虚蒸化失常：水湿痰饮——尿频清长涕唾清冷大便稀溏水肿 ③瘀血：疼痛剧烈痛处固定遇寒加重,古文::诸病水液，澄澈清冷，皆属于寒。<br>###脏腑::心阳虚→心胸憋闷绞痛面青唇紫；脾阳虚→便溏泄泻；肾阳虚→腰膝冷痛下利清谷小便清长男子阳痿女子宫寒不孕
内湿(湿浊内生),中医基础理论::病机::内生五邪,1,概念::脾气的运化水液功能障碍而引起湿浊蓄积停滞的病机变化。与脾虚关系密切，又称[[脾虚生湿]]<br>###表现::①经脉：头闷重如裹肢体重着屈伸不利 ②湿犯上焦：胸闷咳嗽 ③湿阻下焦：腹胀便溏小便不利 ④泛溢皮肤肌腠：水肿,古文::诸痉项强，皆属于湿。湿胜则濡泄，甚则水闭胕肿。<br>###转化::湿胜可伤脾阳肾阳而致阳虚湿盛；湿浊可聚而为痰留而为饮积而成水
内燥(津伤化燥),中医基础理论::病机::内生五邪,2,概念::体内津液耗伤而干燥少津的病机变化<br>###成因::津液亏少不足以内荣脏腑外润肌腠孔窍，燥由内而生<br>###脏腑::可发生于各脏腑组织，以[[肺、胃、大肠]]为多见,鉴别::外燥伤人多在秋季多易伤肺；内燥由于全身脏腑组织功能失常津液亏少所致。无论外燥内燥都以津液不足脏腑组织失于滋润为特征
内火,中医基础理论::病机::内生五邪,2,概念::五脏阴阳气血失调产生的火热内生病机变化<br>###范围::内火则[[五脏皆可见到]],分类::内容中未单独详细列出内火各分类，可参考阴阳偏衰之阴虚火旺、五志化火、气郁化火等相关条目
内火,中医基础理论::病机::内生五邪,1,概念::脏腑阴阳失调而致火热内扰的病机变化，又称[[内热]]<br>###成因::阳盛有余、阴虚阳亢、五志化火、气血壅滞病邪郁结郁而化火<br>###虚实::阳盛化火、邪郁化火、五志化火多属[[实火]]；阴虚火旺属[[虚火]]<br>###火与热::火为热之极，热为火之渐,主要脏腑::心火、肝火、相火(肾火)、胃火等证
内火分类-实火,中医基础理论::病机::内生五邪,1,阳盛化火::阳气过盛化火称[[壮火]]，气有余便是火。壮热面赤烦躁大汗舌红脉数＋口渴尿少便秘等伤阴津症状<br>###邪郁化火::外感六淫郁而从阳化热化火(寒郁化热湿郁化火等)；病理产物郁积(痰浊瘀血结石食积虫积等)郁而化火<br>###五志化火::情志刺激致气机郁结或亢逆，气郁日久化热、气逆化火。如肝郁气滞气郁化火发为[[肝火]],
内火分类-虚火,中医基础理论::病机::内生五邪,1,阴虚火旺::阴液大伤阴虚阳亢虚热虚火内生<br>###阴虚内热::多见全身性虚热征象——五心烦热、骨蒸潮热、面部烘热、消瘦、盗汗、舌红少苔脉细数无力<br>###阴虚火旺表现::多见集中于某一部位的火热征象——虚火上炎致牙痛齿衄咽痛口干唇燥颧红,鉴别::内火在里在脏腑，外感火热在表在肺卫伴有表证。外火可入里引发内火，内火日久亦可招致外感火热
经络病机概述,中医基础理论::病机::经络病机,2,概念::致病因素直接或间接作用于经络系统而引起的病理变化<br>###气血偏盛偏衰::直接影响与其相络属脏腑的气血盛衰<br>###气血逆乱::经气升降逆乱致气血上逆或下陷——①阴阳之气不相顺接发为厥逆 ②所属脏腑功能紊乱 ③出血(肝火犯肺咯血、阳明热盛衄血)<br>###气血运行不畅::累及所属脏腑功能紊乱；气滞血瘀<br>###气血衰竭::经气衰败至终绝，气血随之衰竭,古文足阳明::气盛则身以前皆热，消谷善饥，溺色黄；气不足则身以前皆寒栗，胃中寒则胀满。
脏腑病机概述,中医基础理论::病机::脏腑病机,1,概念::疾病发生发展过程中脏腑正常生理功能发生失调的内在机理<br>###内容::①各脏腑生理功能的太过或不及及功能之间的失调 ②脏腑本身阴阳气血失调,古文::诸风掉眩皆属于肝；诸寒收引皆属于肾；诸气膹郁皆属于肺；诸湿肿满皆属于脾；诸热瞀瘛皆属于火(心)；诸痛痒疮皆属于心(火)。<br>###传变::见肝之病知肝传脾当先实脾。
心的病机特点,中医基础理论::病机::脏腑病机::心,1,病机特点::①[[血脉异常]]：心脏自身、头面、四肢及全身脏腑功能失常 ②[[神志改变]]：心神失养、心神受扰、心神无主,
心阳心气失调,中医基础理论::病机::脏腑病机::心,1,心阳盛::实证——邪热痰火内郁、情志所伤五志化火；表现：躁扰心神(心悸心烦失眠多梦言语过多甚则狂言昏乱)、血热脉流薄疾(脉数舌红绛出血)、心火上炎或下移(口舌糜烂小便黄赤灼痛)<br>###心阳虚::宗气不足、肾阳虚衰水气凌心、脾气虚痰瘀内生、邪盛阳气暴脱；表现：神衰疲倦反应迟钝、血脉寒滞(形寒肢冷面色㿠白或晦滞青紫心悸怔忡胸闷刺痛自汗大汗脉涩或结代),相互影响::常与肺肾病变互相影响——肺(咳逆上气端坐呼吸)；肾(尿少水肿)
心阴心血失调,中医基础理论::病机::脏腑病机::心,1,心阴虚::劳心过度久病失养、情志内伤心阴暗耗、心肝火旺损伤心阴；表现：阴不制阳虚火内生(五心烦热盗汗)、心神不宁虚烦不眠、舌红脉细数<br>###心血虚::失血、血液生化不足、情志内伤耗损心血；表现：血脉空虚(脉细无力)、失于濡养(面唇舌淡白无华)、心神失守(心悸怔忡神思恍惚失眠多梦惊悸不安)<br>###心血瘀::阳气不足心脉寒滞、痰浊凝聚血脉郁阻、劳倦感寒情志刺激、阳气虚损无以温运；表现：心悸怔忡心胸憋闷刺痛甚则暴痛欲绝肢冷脉伏汗出脱厥,真题::形成心血瘀阻的主要原因：胸阳不振、寒客胸中、痰浊阻滞、宗气虚衰
肺的病机特点,中医基础理论::病机::脏腑病机::肺,1,病机特点::①防御能力失常 ②呼吸功能异常 ③水液代谢失调 ④气的生成不足 ⑤血液敷布无力<br>###病理变化::①呼吸功能失调 ②主气功能失常 ③津液代谢失调 ④血液运行不畅 ⑤卫外功能不固,
肺气宣发肃降失常,中医基础理论::病机::脏腑病机::肺,1,肺气不宣::呼吸不畅(鼻塞咳嗽)、卫气壅滞(恶寒发热无汗)、肺气上逆(咳逆气喘)、通调水道失职(尿少水肿)、宣发无力(自汗易感冒)、肺阴虚盗汗<br>###肺失清肃::下降和清洁呼吸道功能减退(胸闷气促咳嗽痰多)、肺气上逆(咳逆气喘)、通调水道失职(尿少水肿)<br>###发展::肺失宣肃进一步发展均能损耗肺气和肺阴，导致肺气虚损或肺阴不足,
肺气虚与肺阴虚,中医基础理论::病机::脏腑病机::肺,1,肺气虚成因::肺失宣肃日久不复、久病气虚、劳伤过度耗损肺气<br>###肺气虚表现::呼吸机能减退(咳嗽气短声低息微甚则喘促)、津液输布代谢失常(咳痰清稀甚则聚痰成饮水肿)、卫表不固(表虚自汗畏寒)<br>###肺阴虚成因::燥热之邪灼肺、痰火内郁伤肺、五志过极化火灼肺、久咳耗伤肺阴<br>###肺阴虚表现::阴津亏损(干咳无痰或痰少而黏咽干口燥)、阴虚火旺(气短潮热盗汗颧红五心烦热)、虚火灼络(痰中带血)、久之肺肾阴虚,关联::大肠传导失司、宗气不足少气不足以息、肾不纳气、脾失健运
脾的病机特点,中医基础理论::病机::脏腑病机::脾,1,病机特点::①消化吸收功能减退 ②气血生成不足 ③血液运行失常 ④水液代谢失调<br>###病理变化::①消化障碍 ②营养缺乏 ③水液失调 ④气机紊乱 ⑤血液失运 ⑥卫外不固,
脾气虚弱,中医基础理论::病机::脏腑病机::脾,1,运化无权::食欲不振纳食不化腹胀便溏或轻度浮肿<br>###气血乏源::面黄肌瘦少气懒言四肢倦怠乏力等全身气血不足<br>###中气下陷::内脏下垂、久泄脱肛、便意频数、小便淋漓难尽<br>###统摄无权::便血、月经淋漓不断或忽然大下、月经过多、肌衄等各种慢性出血<br>###升降失调::上见头目眩晕、中见脘腹胀闷、下见便溏泄泻<br>###卫外不固::自汗恶风鼻塞清涕神疲乏力反复发作,
脾阳虚与水湿中阻,中医基础理论::病机::脏腑病机::脾,1,脾阳虚成因::脾气虚进一步发展、命门火衰脾失温煦<br>###脾阳虚表现::[[寒从中生]](形寒肢冷脘腹冷痛饮食喜热泄泻清谷)、温化水湿无权(生痰成饮或水泛肌肤为肿)<br>###水湿中阻::脾之阳气不足运化无权＋津液代谢障碍气化失司。表现：脾气虚症状＋脘腹闷痛四肢困倦纳食减少口淡乏味或口腻不渴甚或恶心欲吐大便不实浮肿苔白腻,
脾阴失调,中医基础理论::病机::脏腑病机::脾,2,成因::饮食不节、积郁忧思内伤劳倦、肾水亏乏不能滋脾<br>###表现::脾失健运(食欲减退)、津液不足(唇干口燥大便秘结舌红少苔)、胃阴虚(饥不欲食气上逆干呕呃逆),
肝的病机特点,中医基础理论::病机::脏腑病机::肝,1,病机特点::①体用失调 ②气机失调 ③血液生成运行异常 ④消化吸收功能障碍 ⑤精神情志改变 ⑥水液代谢失常<br>###病理变化::①体用失调 ②气血失和 ③干犯他脏,
肝气郁结,中医基础理论::病机::脏腑病机::肝,1,成因::精神刺激，情志抑郁不畅<br>###气机郁滞::胀满疼痛(两胁胀满或右胁疼痛)<br>###痰气血互结::上可发为瘿瘤梅核气；中可发为少腹胀痛或结块；下可发为少腹疼痛牵引睾丸坠胀、女子痛月经闭<br>###犯胃::肝气上逆嗳气吞酸甚则脘痛<br>###犯脾::痛泻交作,
肝火上炎,中医基础理论::病机::脏腑病机::肝,1,成因::肝郁气滞郁而化火；暴怒伤肝肝气暴张引动肝火；五志过极化火心火亢盛引动肝火<br>###表现::阳气升动太过(头胀头痛面红目赤急躁易怒耳暴鸣暴聋)、胁火内灼耗伤阴血(阴虚火旺)、灼伤肺胃脉络(咳血吐血衄血)、气火上逆之极血菀于上发为[[薄厥]],
肝血亏虚,中医基础理论::病机::脏腑病机::肝,1,成因::失血过多、久病损耗、脾胃虚弱化生功能减退<br>###表现::血虚征象；肝血不荣筋目(肢麻不仁关节屈伸不利爪甲不荣眩晕眼花两目干涩视物模糊)；冲任不足血海空虚(月经量少乃至闭经)；血虚化燥生风虚风内动(皮肤瘙痒筋挛肉瞤瘛疭),
肝阳上亢,中医基础理论::病机::脏腑病机::肝,1,成因::肝阴不足阴不制阳肝阳升浮亢逆；情志失调郁怒伤肝气郁化火耗伤肝阴发展为阴虚阳亢；肾阴不足水不涵木致肝肾阴虚最易引起肝阳上亢<br>###本质::[[本虚标实]]、[[上盛下虚]]<br>###上盛::阳气亢逆属标——眩晕耳鸣头重脚轻面红目赤烦躁易怒脉弦数<br>###下虚::肾肝阴虚属本——腰膝酸软足痿无力,
肝风内动,中医基础理论::病机::脏腑病机::肝,1,成因::肝脏阴阳气血失调，以肝肾阴虚不能制约阳气、肝阳升动太过为多见<br>###范围::邪热炽盛则热盛动风；肝阳升腾无制则阳化为风；肝之阴血耗损太过筋脉失养虚风内动<br>###表现::手足震颤、抽搐、筋惕肉瞤、手足蠕动等风胜则动之表现，甚则卒然昏倒不省人事抽搐痉厥,详参::内生五邪之风气内动
肾的病机特点,中医基础理论::病机::脏腑病机::肾,1,病机特点::①生长发育迟缓 ②生殖功能减退 ③形体官窍失养 ④呼吸功能异常 ⑤水液代谢障碍 ⑥二便排泄失调<br>###病理特点::①肾病多虚 ②易阴阳失调 ③久病及肾,
肾精不足,中医基础理论::病机::脏腑病机::肾,1,成因::禀赋不足、久病失养、房劳过度损耗肾精<br>###小儿::五迟五软、囟门迟闭、鸡胸龟背<br>###青年::阻碍性腺发育成熟(天癸不至)<br>###壮年::早衰性功能减退(阳痿滑泄)、生殖功能减退(男子精少不育女子经闭不孕)<br>###脑髓::智力减退动作迟钝两足痿弱,其他::耳鸣耳聋、头发枯槁、牙齿松动
肾气不固,中医基础理论::病机::脏腑病机::肾,1,成因::幼年精气未充、老年精气衰退、早婚性生活不节耗伤肾气、久病肾虚失于固摄<br>###封藏失职::遗精、滑精、早泄<br>###不纳气::气浮于上动辄气急<br>###二便不固::大便滑脱、小便清长或遗尿尿有余沥或二便失禁,
肾阴亏虚,中医基础理论::病机::脏腑病机::肾,1,成因::伤精失血耗液、过服温燥劫阴之品、情志内伤暗耗精血、房事不节、久病伤肾真阴耗伤、五脏之火五志化火邪热久留化火日久耗肾阴<br>###表现::阴液精血亏少(腰膝酸软形体消瘦眩晕耳鸣少寐健忘女子经少经闭)、阴虚内热或阴虚火旺(五心烦热骨蒸潮热口干咽燥颧红盗汗舌红少苔、相火妄动阳兴梦遗迫血妄行则崩漏),
肾阳不足,中医基础理论::病机::脏腑病机::肾,1,成因::心脾阳虚及肾损耗肾阳、房劳过度肾阳损耗<br>###表现::生殖机能减退(男子阳痿早泄精冷女子宫寒不孕)、水液代谢障碍(水肿或尿频尿闭)、命门火衰不能温煦脾阳(下利清谷五更泄泻),
五脏阳虚,中医基础理论::病机::脏腑病机,2,总特点::多见于心脾肾。阳气不足、功能减退、[[虚寒内生]]<br>###心阳虚::血行不畅，心气不足<br>###脾阳虚::脾虚兼寒，运化能力低下<br>###肾阳虚::温煦失司，气化失常，生殖功能减退,迁延::脾阳虚→脾虚湿困；肾阳虚→水湿内停、心肾阳虚、脾肾阳虚
五脏阳盛,中医基础理论::病机::脏腑病机,2,总特点::火热内盛、耗伤津液、扰乱神明<br>###心火亢盛::火热炽盛耗伤津液、热扰心神、上炎或下移、血行逆常<br>###痰火扰心::痰火内盛和神志异常<br>###肝火上炎::气火上逆头目、精神情志异常,
五脏阴虚,中医基础理论::病机::脏腑病机,2,总特点::阴液不足、[[虚热内生]]。易导致阴虚阳亢的是心肝肾<br>###心阴虚::心阴不足心失所养虚热内盛热扰心神心悸不眠<br>###肺阴虚::阴液不足津伤肺燥阴虚内热阴虚火旺燥咳不止甚骨蒸潮热<br>###脾阴虚::阴液亏虚运化失常精微无源<br>###肝阴虚::阴液亏虚肝经头目筋脉失于濡养虚热内生；阴虚阳亢则肝阳上亢；阴血虚不制阳亢变为肝风内动<br>###肾阴虚::阴液精血亏少虚热虚火内生；可致其他脏阴虚：肺肾阴虚、肝肾阴虚、心肾阴虚,
五脏气虚与气机失调,中医基础理论::病机::脏腑病机,2,总特点气虚::气的不足功能减退，症状以神疲乏力为主<br>###心气虚::运血无力，心神不足<br>###肺气虚::防御能力下降，呼吸功能减退，气的生成不足<br>###脾气虚::消化吸收功能减退，升清降浊失司，水谷精微化生减少<br>###肾气不固::封藏固摄功能失常：膀胱大肠精关带脉冲任等失于固摄<br>###总特点气机失调::肺气宣发肃降失常、肝气郁结<br>###肾不纳气::肾气亏虚摄纳无力吸气困难,
五脏血虚与血瘀,中医基础理论::病机::脏腑病机,2,心血虚::心血不足血脉空虚——心神不宁，头面官窍失于濡养<br>###肝血虚::肝脏及所属形体官窍筋脉头目爪甲失于濡养及女子月经不调<br>###心血瘀::血液运行不畅痹阻心脉——心脉气血运行不畅甚则瘀血阻闭心脉不通,特点::血虚以心肝多见；血瘀以心血瘀常见
五脏精亏,中医基础理论::病机::脏腑病机,2,特点::以[[肾精亏虚]]为本<br>###肾精亏::肾精亏虚功能减退——脑髓骨骼耳窍失养，小儿生长发育迟缓，成人生殖功能减退及未老先衰<br>###肝肾精血亏虚::肝肾同源,
五脏病变相互影响,中医基础理论::病机::脏腑病机,1,心肺::气和血的失调<br>###肺脾::气的生成不足和水液代谢失常<br>###肺肝::气机升降出入运动失调<br>###心脾::心血不足心神不宁和脾虚气弱运化失职(常伴气血两虚)<br>###心肝::血液亏虚与精神情志改变<br>###肝脾::消化吸收障碍、血液生成运行异常<br>###心肾::[[心肾不交]](心阳不能下交于肾肾阴不能上济于心)；肾阳虚水气凌心致心阳虚<br>###肺肾::呼吸运动异常、水液代谢失调与肺肾阴液亏损<br>###脾肾::脾肾阳气不足消化吸收障碍水液代谢失调<br>###肝肾::阴阳失调、精血亏虚、藏泄失司,
表里脏腑病变影响,中医基础理论::病机::脏腑病机,2,心小肠::火热相互转移<br>###肺大肠::气机下调不及和易被燥邪所伤<br>###脾胃::纳运失调、升降失常、燥湿失济<br>###肝胆::胆汁排泄不利和精神情志异常<br>###肾膀胱::尿液贮藏排泄异常,
胆的病机,中医基础理论::病机::脏腑病机::六腑,2,病机特点::胆汁贮藏排泄障碍和胆经郁扰<br>###病理特点::胆病多实多热<br>###表现::①肝失疏泄(胁下胀满食少厌油腻腹胀便溏) ②胆汁上逆(口苦呕吐黄绿苦水) ③胆汁外溢([[黄疸]]) ④胆经郁热夹痰上扰(心烦失眠多梦易惊),
胃的病机,中医基础理论::病机::脏腑病机::六腑,1,病机特点::受纳腐熟功能异常及胃失和降胃气上逆<br>###胃气虚::饮食不节损伤胃气或禀赋素虚久病元气不复。受纳腐熟减退(纳食不佳饮食无味)、胃失和降(脘腹胀满隐痛)、胃气上逆(嗳气恶心呕吐呃逆)<br>###胃阴虚::热病后期邪热久留或久病消烁阴液。受纳腐熟减退、胃失和降(脘痞不舒泛恶干呕)、阴津亏损(口舌干燥小便短少大便秘结舌光红少苔脉细数)<br>###胃寒::过食生冷或过用寒凉克伐药物或胃阳素虚。腐熟功能减退(呕吐清水饮食不化)、寒性凝滞气机阻滞(胃脘冷痛轻则绵绵不已重则拘急作痛)<br>###胃热火::邪热犯胃、嗜酒嗜食辛辣过食膏粱厚味、气滞瘀阻痰湿食积郁结化热、肝胆之火横逆犯胃。腐熟功能亢进(消谷善饥)、燥热内结胃失和降(口苦口渴大便秘结)、胃气上逆(恶心呕吐酸苦黄水)、胃火上炎(齿痛齄肿衄血呕血),
小肠的病机,中医基础理论::病机::脏腑病机::六腑,2,病机特点::消化吸收功能异常与二便异常<br>###失于受盛::呕吐食下腹痛<br>###失于化物::食下腹胀完谷不化<br>###清浊不化::上吐下泻腹痛肠鸣<br>###实热::小肠实热多由湿热下注或心移热于小肠所致——小便频数尿液浑浊或淋浊赤涩<br>###虚寒::小肠虚寒多因饮食不节损伤脾胃——肠鸣泄泻腹痛喜按,
大肠的病机,中医基础理论::病机::脏腑病机::六腑,2,病机特点::传导功能失调而大便异常<br>###热结::便秘或热结旁流<br>###湿热::泄泻、痢下赤白里急后重、痔痿<br>###虚寒::泄泻便溏完谷不化乃至滑脱不禁或便秘(多与脾肾阳虚有关)<br>###津亏::大便干结难解<br>###中气下陷肾虚不固::久泄滑脱脱肛大便失禁,
膀胱的病机,中医基础理论::病机::脏腑病机::六腑,2,病机特点::气化作用失常而小便异常<br>###病变::湿热蕴结、虚寒内生<br>###气化不利::尿少、[[癃闭]]<br>###气化无权::遗尿、小便失禁<br>###湿热下注::尿频尿急尿道涩痛尿血<br>###虚寒::小便频数清长或不禁尿有余沥遗尿排尿无力,
三焦的病机,中医基础理论::病机::脏腑病机::六腑,2,病机特点::[[三焦气化失司]]——全身气化失常和水液代谢功能障碍<br>###气机不利::升降出入异常影响脏腑功能：心行血肺呼吸脾胃肠运化升降肝胆疏泄肾膀胱蒸腾气化<br>###津液代谢::影响全身津液代谢——肺脾肾三脏调节水液代谢均有赖于三焦气化,
脑的病机,中医基础理论::病机::脏腑病机::奇恒之腑,3,病机特点::精神意识思维病变和感觉运动失常<br>###肾精亏虚::精不能生髓脑髓空虚——智力减退视听言语迟钝肢体活动不便痿弱不用<br>###脏腑失调::心肺脾肝肾功能失调引起脑功能失调——精神情志活动异常<br>###阳气不升::头目眩晕耳目失聪,
髓骨脉的病机,中医基础理论::病机::脏腑病机::奇恒之腑,3,髓骨::病机特点为骨髓空虚骨质异常和化生血液失常。肾精亏虚→生长发育迟缓骨质软弱松脆易折；五脏精气不足→精神不振反应迟钝听觉失聪视物不明<br>###脉道不利::津液枯涸脉失濡养、痰浊内阻气机不畅、寒凝瘀阻经脉阻滞、气滞或血瘀——局部疼痛肿胀麻木<br>###脉道失于约束::气的固摄血液功能失常(脾不统血)——各种出血,
女子胞的病机,中医基础理论::病机::脏腑病机::奇恒之腑,2,病机特点::经带胎产的异常<br>###气血不和::①血行过多：血热肝不藏血脾不统血气不摄血→月经先期量多行经期延长甚至崩漏 ②血随气火上逆→经行吐衄(倒经) ③气滞血瘀气血不足阳气不足下元虚寒→闭经等<br>###因素::气虚气滞气逆气陷血虚血瘀血寒血热所致的气血失调；心肝脾肾功能失调；天癸生成以及冲任气血不足,冲任不足::冲任隶属肝肾，肝肾功能失调致冲任气血不足使胞宫功能失常；脾胃运化失调影响冲任气血充盈<br>###其他因素::情志失常、劳倦过度、房事不节等使胞宫功能失常——思虑伤心心血暗耗、思虑伤脾气血生化无权、郁怒伤肝肝失疏泄、房劳伤肾肾精亏损天癸衰少
养生的概念,中医基础理论::养生预防与治则::养生,1,定义::养生又称[[摄生]]、道生、保生、卫生等<br>###内容::采取各种方法[[增强体质]]、提高健康水平、[[预防疾病]]及[[延缓衰老]]、延年益寿,
衰老的机制,中医基础理论::养生预防与治则::养生,1,天年::人的自然寿命一般为[[120岁]]左右<br>###衰老概念::随年龄增长，机体脏腑、精气血津液神、经络等生理功能[[全面逐渐减退]]的生命过程<br>###根本::以阴阳失调、五脏虚衰、精气不足为[[本]]，最重要的是先天后天虚衰，[[脾肾]]至关重要<br>###标::以情志失调、痰瘀毒内生为[[标]],寿天规律::人之始生以母为基以父为楯
养生基本原则,中医基础理论::养生预防与治则::养生,1,四原则::善于养生者应掌握[[顺应自然]]、[[形神共养]]、[[固护精气]]、[[调补脾肾]]的原则和方法,
顺应自然,中医基础理论::养生预防与治则::养生,1,含义::人与天地相应、[[天人合一]]、顺时摄养<br>###方法::[[春夏养阳、秋冬养阴]]，起居有常、动静和宜、衣着适当、调和饮食<br>###适应::适应四时气候、昼夜晨昏、地区方域等外界环境变化，包括自然环境与社会环境,古文::智者之养生也，必顺四时而适寒暑，和喜怒而安居处，节阴阳而调刚柔，如是则僻邪不至，长生久视。
形神共养,中医基础理论::养生预防与治则::养生,1,含义::既注重精神调养也重视适度形体锻炼，将调养形体与调摄精神结合，使[[形神合一]]或形与神俱<br>###静神::[[守神全形]]——清静养神、四气调神、积精养神、修性怡神、气功练神<br>###动形::[[养形全神]]——通过劳动、舞蹈、散步、导引、按摩等运动形体、调和气血、疏通经络,注意::运动量要适度，动以养形，以动形为本
调养脾胃与保精护肾,中医基础理论::养生预防与治则::养生,1,脾胃::脾胃强弱与人体盛衰生命寿天关系密切。原则：[[益脾气、养胃阴]]，用药注意升降防过偏。方法：节制饮食、调精神疏肝理脾、常运动和胃化食、防劳倦养脾气<br>###保精护肾::精和肾的正常与否是决定健康长寿的[[关键因素]]。首重[[节欲保精]]，另有运动保健、导引固肾、按摩益肾、食疗补肾、药物调治,古文::土气为万物之源，胃气为养生之主。胃强则强，胃弱则弱，有胃则生，无胃则死，是以养生家当以脾胃为先。
养生基本方法,中医基础理论::养生预防与治则::养生,2,精神养生::①调神养生(清静养神、立志养德、开朗乐观、保持心理平衡) ②调摄情绪(节制法、疏泄法、转移法、情志制约法)<br>###起居养生::起居有常、劳逸结合、节欲保精<br>###饮食养生::饮食有节、食不可偏、合理配膳全面营养；随四时调节饮食；因年龄体质个性习惯差异分别安排<br>###运动养生::适当锻炼<br>###环境养生::适应自然和社会环境<br>###针药养生::针灸按摩养生、药物养生,
治未病概述,中医基础理论::养生预防与治则::预防,1,概念::中医学的[[预防思想]]，包括三个方面<br>###未病先防::疾病未发生之前采取各种预防措施，增强正气消除有害因素以防止疾病发生<br>###既病防变::疾病发生之后[[早期诊断早期治疗]]，防止疾病发展和传变<br>###愈后防复::疾病初愈缓解或痊愈时注意调理阴阳维持平衡，预防疾病复发,古文::圣人不治已病治未病，不治已乱治未乱……夫病已成而后药之，乱已成而后治之，譬犹渴而穿井，斗而铸锥，不亦晚乎。
未病先防-扶助正气,中医基础理论::养生预防与治则::预防,1,顺应自然::法于阴阳和于术数，春夏养阳秋冬养阴<br>###调畅情志::恬淡虚无真气从之精神内守；胸怀开朗乐观则气机调畅气血和平正气旺盛<br>###护肾保精::房事有节(房室勿令竭乏)、运动保健、按摩固肾、食疗保肾、针药调治<br>###形体锻炼::运动量适度因人而宜做到[[形劳而不倦]]，循序渐进持之以恒。方法：五禽戏、太极拳、八段锦、易筋经等<br>###起居有常::顺应四时和昼夜变化安排适宜作息，注意劳逸适度<br>###调摄饮食::饮食有节定时定量不可过饥过饱；克服饮食偏嗜保持寒温适中；注意饮食卫生；五谷为养五果为助五畜为益五菜为充<br>###针灸推拿药物::药物调养扶助正气平调阴阳；推拿调节机体生理病理；针灸通过经络调节气血阴阳,古文::其知道者，法于阴阳，和于术数，饮食有节，起居有常，不妄作劳，故能形与神俱，尽终其天年，度百岁乃去。
未病先防-防止病邪,中医基础理论::养生预防与治则::预防,2,避邪气::虚邪贼风避之有时、避其毒气<br>###措施::①顺应四时防六淫之邪 ②避疫毒防邪气染易 ③注意环境防止外伤虫兽伤 ④讲卫生防止环境水源食物污染,
既病防变,中医基础理论::养生预防与治则::预防,1,早期诊治::诊治越早疗效越好——善治者治皮毛其次治肌肤其次治筋脉其次治六腑其次治五脏；治五脏者半死半生也<br>###阻截病传::根据传变规律早期诊治阻截病传途径防止深化恶化。如麻疹初起宣透发表透疹防止内犯脏腑<br>###先安未受邪之地::治疗肝病时配伍调理脾胃药物使脾旺不受邪(见肝之病知肝传脾当先实脾)；温热病伤及胃阴后加入咸寒滋肾之品防肾阴耗损,古文::见微知著，患弥于未萌，是为上工。务在先安未受邪之地。<br>###叶天士::温热病伤及胃阴后在甘寒养胃方药中加入咸寒滋肾之品
愈后防复,中医基础理论::养生预防与治则::预防,2,原则::谨察阴阳所在而调之，以平为期<br>###方法::邪气留恋需综合措施——邪尽病愈、扶助正气、消除宿根、避免诱因<br>###饮食::注意饮食调护和禁忌促进疾病痊愈,古文::病热少愈，食肉则复，多食则遗，此其禁也。
治则概述,中医基础理论::养生预防与治则::治则,1,定义::治则即治疗疾病的[[基本原则]]，在整体观念和辨证论治精神指导下制定<br>###治病求本::寻找疾病根本原因并针对根本原因治疗，位于治则治法理论体系的[[最高层次]]<br>###核心::以[[平]]为期,体系::整体观念与辨证论治→治病求本→治则→治法(治疗八法→具体治法→具体措施)<br>###古文::治病必求于本。本即阴阳，后世引申为疾病的本质。
治则与治法关系,中医基础理论::养生预防与治则::治则,1,联系::治则指导治法，治法从属治则<br>###治则::治疗疾病的准则——原则性与指导性，相对稳定与规范<br>###治法::一定治则指导下的具体治疗大法、方法、措施——具体、复杂、灵活、多样,治疗大法::八法：[[汗吐下和温清消补]]<br>###具体治法::针对某证候确立——如辛温解表、镇肝息风、健脾利湿<br>###治疗措施::具体技术方式途径——药治、针灸、按摩、导引、熏洗
正治,中医基础理论::养生预防与治则::治则,1,含义::采用与病证性质[[相反]]的方药治疗原则(逆治)<br>###适用::疾病征象与本质相[[一致]]的病证(最常用)<br>###寒者热之::寒性病用温热药——表寒证用辛温解表，里寒证用辛热温里<br>###热者寒之::热性病用寒凉药——表热证用辛凉解表，里热证用苦寒清里<br>###虚则补之::虚病用补药——阳虚温阳、阴虚滋阴、气虚益气、血虚补血<br>###实则泻之::实病用攻邪药——食滞消食导滞、水饮逐水、瘀血活血化瘀、湿盛祛湿,
反治,中医基础理论::养生预防与治则::治则,1,含义::顺从病证外在[[假象]]而治的治疗原则(从治)，但用药与证候本质相反<br>###适用::疾病征象与其本质[[不完全符合]]的病证<br>###热因热用::用热药治假热征象——[[阴盛格阳]]的真寒假热证<br>###寒因寒用::用寒药治假寒征象——[[阳盛格阴]]的真热假寒证<br>###塞因塞用::用补益方药治疗虚性闭塞不通症状([[以补开塞]])——脾虚胀满、精血不足便秘、肾阳虚尿少癃闭、血枯经闭<br>###通因通用::通利药治通泄病——食积腹泻、热结旁流、瘀血崩漏、膀胱湿热尿频尿急,实例热结旁流::体现实则泻之、热者寒之、通因通用<br>###反佐::前人列入反治范畴，实为制方服药的具体方法
标本的概念,中医基础理论::养生预防与治则::治则,1,定义::标本关系即病变过程中矛盾的[[主次先后]]关系<br>###正气与邪气::本→正气；标→邪气<br>###病机与症状::本→病因病机；标→症状<br>###疾病先后::本→旧病原发病；标→新病继发病<br>###病位::本→里病在内在下脏腑精气病；标→表病在外在上肌表经络病,
治标治本,中医基础理论::养生预防与治则::治则,1,急则治标::标病危急先治其标——出现大出血、暴泻、剧痛、频繁呕吐、中满、大小便不利、昏迷、腹水、虚脱、高热等急症；慢性病复感外邪新病急者先治外感<br>###缓则治本::慢性疾病或急性病恢复期标病不急——如肺痨咳嗽本为肺肾阴虚应滋养肺肾治本；气虚自汗应益气固表治本<br>###标本兼治::标病与本病错杂并重——如邪热里结阴液受伤当泻下与滋阴同用；虚人感冒当益气解表,古文::先热而后生中满者治其标。先病而后生中满者治其标。小大不利治其标。
扶正祛邪概念,中医基础理论::养生预防与治则::治则,1,扶正::扶助正气增强体质提高抗邪能力——适用各种[[虚证]]。方法：益气、养血、滋阴、温阳、填精、补津及补养脏腑<br>###祛邪::祛除邪气消解病邪侵袭损害——适用各种[[实证]]。方法：发汗、涌吐、攻下、消导、化痰、活血、散寒、清热、解毒、祛湿,原则::扶正不留邪，祛邪不伤正
扶正祛邪运用,中医基础理论::养生预防与治则::治则,1,单独扶正::虚证或真虚假实证——多用于慢性病、恢复期、素体虚弱之人<br>###单独祛邪::实证或真实假虚证——多用于外感病初期极盛期，正气尚可<br>###扶正兼祛邪::正虚为主的虚实夹杂——如肾阳虚水饮当温补肾阳兼利水湿<br>###祛邪兼扶正::邪实为主的虚实夹杂——如暑热伤津气当清解暑热兼益气生津<br>###先补后攻::正虚邪实而不耐攻伐——如虫积正气太弱先健脾扶正再驱虫消积<br>###先攻后补::邪盛扶正反会助邪或正虚不甚邪势方张——如瘀血崩漏先活血化瘀后补血扶正,
调整阴阳-损其有余,中医基础理论::养生预防与治则::治则,1,泻其阳盛::实热证——治热以寒([[热者寒之]])；实热兼阴虚——清热＋滋阴<br>###损其阴盛::实寒证——治寒以热([[寒者热之]])；实寒兼阳虚——散寒＋温阳,
调整阴阳-补其不足,中医基础理论::养生预防与治则::治则,1,阳病治阴::阴虚则热的虚热证→[[滋阴以抑阳]]。壮水之主以制阳光<br>###阴病治阳::阳虚则寒的虚寒证→[[温阳以抑阴]]。益火之源以消阴翳<br>###阳中求阴::阴虚证滋阴剂中适当佐以补阳药——善补阴者必于阳中求阴则阴得阳升而泉源不竭<br>###阴中求阳::阳虚证补阳剂中适当佐以补阴药——善补阳者必于阴中求阳则阳得阴助而生化无穷<br>###阴阳双补::阴阳两虚——阳损及阴补阳辅以滋阴；阴损及阳滋阴辅以补阳<br>###回阳救阴::亡阳→回阳固脱；亡阴→救阴固脱。均以峻剂补气固脱且应敛汗,格拒::阴阳格拒用反治——寒因寒用、热因热用<br>###注意::阴阳互济之调补和阴阳并补虽用药都是滋阴补阳并用但主次分寸不同适应证候有别
调整脏腑,中医基础理论::养生预防与治则::治则,1,五行指导::补母泻子——滋水涵木、益火补土、培土生金、金水相生；抑强扶弱——抑木扶土、培土制水、佐金平木、泻南补北<br>###脏腑关系::脏病治腑(心火上炎通利小肠)；腑病治脏(腑气不通宣降肺气)；脏腑同治(脾胃同治)；虚则补脏(膀胱气化失常补肾固涩)；实则泻腑(阳明热结荡涤胃肠)<br>###脏腑特性::调理脏腑气机——肺宜宣降、脾升胃降；顺应脏腑喜恶——心恶热治宜清心泻火、肝喜条达恶抑郁治宜疏肝行气、脾喜燥恶湿当甘温燥湿、胃喜润恶燥当甘寒生津,
调整气血-调气,中医基础理论::养生预防与治则::治则,2,气虚宜补::主要补[[脾肺肾]]，常与补血结合<br>###气滞宜疏::与肺肝脾胃等有关，调理以[[疏肝行气]]为先<br>###气陷宜升::升提法，适用于中气下陷——脏器下垂、脱肛、崩中漏下、阴挺等<br>###气逆宜降::适于气逆实证，若因虚气逆应补虚不宜降气<br>###气闭则开::清窍闭塞昏厥又称开窍通闭——有温开凉开之分；虚证内闭外脱当补气养血回阳固脱,
调整气血-调血,中医基础理论::养生预防与治则::治则,2,血虚则补::与心肝脾肾密切，补血结合补脏，可加补气以生血<br>###血瘀则行::活血理血总应祛瘀，分寒热虚实分别施治<br>###血寒则温::温经散寒为主配伍通经活络和血行血<br>###血热则凉::清热凉血为主；血热出血当凉血止血；有瘀滞者不宜大剂寒凉止血<br>###出血则止::收敛止血、凉血止血、温经止血、化瘀止血之分,
调理气血津液关系,中医基础理论::养生预防与治则::治则,1,气病治血::气为血之帅血为气之母——气病则血随之亦病，治气药中必兼理血<br>###血病治血::治血必调气——血虚补气而血自生，血瘀行气而血自调，出血调气而血自止<br>###治血准则::气血俱要而补气在补血之先，阴阳并需而养阳在滋阴之上<br>###气随血脱::益气固脱为主止血补血——有形之血不能速生无形之气所当急固<br>###津液气::气虚致津液不足→补气生津；气不行津→补气行气以行津；气不摄津→补气以摄津；津停气阻→治水湿痰饮辅以行气导滞,
三因制宜-因时,中医基础理论::养生预防与治则::治则,1,季节::用寒远寒、用凉远凉、用温远温、用热远热；暑邪多夹湿注意清暑化湿；燥多在秋注意滋养濡润慎用苦燥<br>###月令::月生无泻、月满无补、月郭空无治<br>###昼夜::阴虚午后潮热、湿温午后加重、脾胃阳虚五更泄泻；服药时间及针灸子午流注针法,
三因制宜-因地,中医基础理论::养生预防与治则::治则,1,含义::根据不同地域环境特点制定适宜治疗原则<br>###特点::西北之人疏通重剂，东南之人疏通轻剂<br>###用药::西北感冒风寒居多用麻桂姜；东南感冒风热多用桑菊薄,古文::地有高下，气有温凉，高者气寒，下者气热。西北之气散而寒之，东南之气收而温之，所谓同病异治也。一病而治各不同皆愈何也？地势使然也。
三因制宜-因人,中医基础理论::养生预防与治则::治则,1,年龄::小儿用药轻短忌峻攻少用补益；青壮年偏攻邪泻实量重；老年人用药宜顾护正气补虚或攻补兼施<br>###性别::妇女经期孕期慎用或禁用峻下逐水破血重坠开窍滑利走窜有毒药；产后慎用通泄走窜之品。男子精室疾患在调肾基础上调治<br>###体质::阳盛或阴虚之体慎用温热；阴盛或阳虚之体慎用寒凉。体质强攻伐重、体质弱当补、虚实夹杂攻伐轻,其他::素有慢性病或职业病、情志因素、生活习惯等在诊治时也应注意